Logical_Type_ID,LT_Name,Native_Type,RDBMS_Type,RDBMS_Version,Has_Size,Has_Precision,Has_Scale
LOGDT017,"unknown","UNKNOWN",Oracle Database,21c,N,N,N,
LOGDT017,"unknown","UNKNOWN",Oracle Database,12cR2,N,N,N,
LOGDT017,"unknown","UNKNOWN",Oracle Database,12c,N,N,N,
LOGDT017,"unknown","UNKNOWN",Oracle Database,11g,N,N,N,
LOGDT017,"unknown","UNKNOWN",Oracle Database,10g,N,N,N,
LOGDT017,"unknown","UNKNOWN",Oracle,9i,N,N,N,
LOGDT017,"unknown","UNKNOWN",SQL Server,2012,N,N,N,
LOGDT017,"unknown","UNKNOWN",SQL Server,2008,N,N,N,
LOGDT017,"unknown","UNKNOWN",SQL Server,2005,N,N,N,
LOGDT017,"unknown","UNKNOWN",SQL Server,2000,N,N,N,
LOGDT017,"unknown","UNKNOWN",DB2/390,8,N,N,N,
LOGDT017,"unknown","UNKNOWN",DB2/390,7,N,N,N,
LOGDT017,"unknown","UNKNOWN",DB2/UDB,9,N,N,N,
LOGDT017,"unknown","UNKNOWN",DB2/UDB,8.1,N,N,N,
LOGDT017,"unknown","UNKNOWN",DB2/UDB,7.1,N,N,N,
LOGDT005,"Audio","BLOB",Oracle Database,21c,N,N,N,
LOGDT005,"Audio","BLOB",Oracle Database,12cR2,N,N,N,
LOGDT005,"Audio","BLOB",Oracle Database,12c,N,N,N,
LOGDT005,"Audio","BLOB",Oracle Database,11g,N,N,N,
LOGDT005,"Audio","BLOB",Oracle Database,10g,N,N,N,
LOGDT005,"Audio","BLOB",Oracle,9i,N,N,N,
LOGDT005,"Audio","BINARY",SQL Server,2012,N,N,N,
LOGDT005,"Audio","BINARY",SQL Server,2008,N,N,N,
LOGDT005,"Audio","BINARY",SQL Server,2005,N,N,N,
LOGDT005,"Audio","BINARY",SQL Server,2000,N,N,N,
LOGDT005,"Audio","BLOB",DB2/390,8,N,N,N,
LOGDT005,"Audio","BLOB",DB2/390,7,N,N,N,
LOGDT005,"Audio","BLOB",DB2/UDB,9,N,N,N,
LOGDT005,"Audio","BLOB",DB2/UDB,8.1,N,N,N,
LOGDT005,"Audio","BLOB",DB2/UDB,7.1,N,N,N,
LogDes-7DD553FD-11E8-61FA-399D-2E531FB621D0@LOGDT10034,"BFile","BFILE",Oracle Database,21c,N,N,N,
LogDes-7DD553FD-11E8-61FA-399D-2E531FB621D0@LOGDT10034,"BFile","BFILE",Oracle Database,12cR2,N,N,N,
LogDes-7DD553FD-11E8-61FA-399D-2E531FB621D0@LOGDT10034,"BFile","BFILE",Oracle Database,12c,N,N,N,
LogDes-7DD553FD-11E8-61FA-399D-2E531FB621D0@LOGDT10034,"BFile","BFILE",Oracle Database,11g,N,N,N,
LogDes-7DD553FD-11E8-61FA-399D-2E531FB621D0@LOGDT10034,"BFile","BFILE",Oracle Database,10g,N,N,N,
LogDes-7DD553FD-11E8-61FA-399D-2E531FB621D0@LOGDT10034,"BFile","BFILE",Oracle,9i,N,N,N,
LogDes-7DD553FD-11E8-61FA-399D-2E531FB621D0@LOGDT10034,"BFile","VARCHAR",SQL Server,2012,N,N,N,
LogDes-7DD553FD-11E8-61FA-399D-2E531FB621D0@LOGDT10034,"BFile","VARCHAR",SQL Server,2008,N,N,N,
LogDes-7DD553FD-11E8-61FA-399D-2E531FB621D0@LOGDT10034,"BFile","VARCHAR",SQL Server,2005,N,N,N,
LogDes-7DD553FD-11E8-61FA-399D-2E531FB621D0@LOGDT10034,"BFile","VARCHAR",SQL Server,2000,N,N,N,
LogDes-7DD553FD-11E8-61FA-399D-2E531FB621D0@LOGDT10034,"BFile","VARCHAR",DB2/390,8,N,N,N,
LogDes-7DD553FD-11E8-61FA-399D-2E531FB621D0@LOGDT10034,"BFile","VARCHAR",DB2/390,7,N,N,N,
LogDes-7DD553FD-11E8-61FA-399D-2E531FB621D0@LOGDT10034,"BFile","DATALINK",DB2/UDB,9,N,N,N,
LogDes-7DD553FD-11E8-61FA-399D-2E531FB621D0@LOGDT10034,"BFile","DATALINK",DB2/UDB,8.1,N,N,N,
LogDes-7DD553FD-11E8-61FA-399D-2E531FB621D0@LOGDT10034,"BFile","DATALINK",DB2/UDB,7.1,N,N,N,
LOGDT027,"BIGINT","INTEGER",Oracle Database,21c,N,N,N,
LOGDT027,"BIGINT","INTEGER",Oracle Database,12cR2,N,N,N,
LOGDT027,"BIGINT","INTEGER",Oracle Database,12c,N,N,N,
LOGDT027,"BIGINT","INTEGER",Oracle Database,11g,N,N,N,
LOGDT027,"BIGINT","INTEGER",Oracle Database,10g,N,N,N,
LOGDT027,"BIGINT","INTEGER",Oracle,9i,N,N,N,
LOGDT027,"BIGINT","BIGINT",SQL Server,2012,N,N,N,
LOGDT027,"BIGINT","BIGINT",SQL Server,2008,N,N,N,
LOGDT027,"BIGINT","BIGINT",SQL Server,2005,N,N,N,
LOGDT027,"BIGINT","BIGINT",SQL Server,2000,N,N,N,
LOGDT027,"BIGINT","INTEGER",DB2/390,8,N,N,N,
LOGDT027,"BIGINT","INTEGER",DB2/390,7,N,N,N,
LOGDT027,"BIGINT","BIGINT",DB2/UDB,9,N,N,N,
LOGDT027,"BIGINT","INTEGER",DB2/UDB,8.1,N,N,N,
LOGDT027,"BIGINT","INTEGER",DB2/UDB,7.1,N,N,N,
LOGDT033,"BINARY","RAW",Oracle Database,21c,N,N,N,
LOGDT033,"BINARY","RAW",Oracle Database,12cR2,N,N,N,
LOGDT033,"BINARY","RAW",Oracle Database,12c,N,N,N,
LOGDT033,"BINARY","BLOB",Oracle Database,11g,N,N,N,
LOGDT033,"BINARY","BLOB",Oracle Database,10g,N,N,N,
LOGDT033,"BINARY","BLOB",Oracle,9i,N,N,N,
LOGDT033,"BINARY","BINARY",SQL Server,2012,N,N,N,
LOGDT033,"BINARY","BINARY",SQL Server,2008,N,N,N,
LOGDT033,"BINARY","BINARY",SQL Server,2005,N,N,N,
LOGDT033,"BINARY","BINARY",SQL Server,2000,N,N,N,
LOGDT033,"BINARY","BLOB",DB2/390,8,N,N,N,
LOGDT033,"BINARY","BLOB",DB2/390,7,N,N,N,
LOGDT033,"BINARY","BLOB",DB2/UDB,9,N,N,N,
LOGDT033,"BINARY","BLOB",DB2/UDB,8.1,N,N,N,
LOGDT033,"BINARY","BLOB",DB2/UDB,7.1,N,N,N,
LOGDT056,"BINARY DOUBLE","BINARY_DOUBLE",Oracle Database,21c,N,N,N,
LOGDT056,"BINARY DOUBLE","BINARY_DOUBLE",Oracle Database,12cR2,N,N,N,
LOGDT056,"BINARY DOUBLE","BINARY_DOUBLE",Oracle Database,12c,N,N,N,
LOGDT056,"BINARY DOUBLE","BINARY_DOUBLE",Oracle Database,11g,N,N,N,
LOGDT056,"BINARY DOUBLE","BINARY_DOUBLE",Oracle Database,10g,N,N,N,
LOGDT056,"BINARY DOUBLE","NUMBER",Oracle,9i,N,N,N,
LOGDT056,"BINARY DOUBLE","FLOAT",SQL Server,2012,N,N,N,
LOGDT056,"BINARY DOUBLE","FLOAT",SQL Server,2008,N,N,N,
LOGDT056,"BINARY DOUBLE","FLOAT",SQL Server,2005,N,N,N,
LOGDT056,"BINARY DOUBLE","FLOAT",SQL Server,2000,N,N,N,
LOGDT056,"BINARY DOUBLE","DOUBLE",DB2/390,8,N,N,N,
LOGDT056,"BINARY DOUBLE","DOUBLE",DB2/390,7,N,N,N,
LOGDT056,"BINARY DOUBLE","DOUBLE",DB2/UDB,9,N,N,N,
LOGDT056,"BINARY DOUBLE","DOUBLE",DB2/UDB,8.1,N,N,N,
LOGDT056,"BINARY DOUBLE","DOUBLE",DB2/UDB,7.1,N,N,N,
LOGDT055,"BINARY FLOAT","BINARY_FLOAT",Oracle Database,21c,N,N,N,
LOGDT055,"BINARY FLOAT","BINARY_FLOAT",Oracle Database,12cR2,N,N,N,
LOGDT055,"BINARY FLOAT","BINARY_FLOAT",Oracle Database,12c,N,N,N,
LOGDT055,"BINARY FLOAT","BINARY_FLOAT",Oracle Database,11g,N,N,N,
LOGDT055,"BINARY FLOAT","BINARY_FLOAT",Oracle Database,10g,N,N,N,
LOGDT055,"BINARY FLOAT","NUMBER",Oracle,9i,N,N,N,
LOGDT055,"BINARY FLOAT","REAL",SQL Server,2012,N,N,N,
LOGDT055,"BINARY FLOAT","REAL",SQL Server,2008,N,N,N,
LOGDT055,"BINARY FLOAT","REAL",SQL Server,2005,N,N,N,
LOGDT055,"BINARY FLOAT","REAL",SQL Server,2000,N,N,N,
LOGDT055,"BINARY FLOAT","REAL",DB2/390,8,N,N,N,
LOGDT055,"BINARY FLOAT","REAL",DB2/390,7,N,N,N,
LOGDT055,"BINARY FLOAT","REAL",DB2/UDB,9,N,N,N,
LOGDT055,"BINARY FLOAT","REAL",DB2/UDB,8.1,N,N,N,
LOGDT055,"BINARY FLOAT","REAL",DB2/UDB,7.1,N,N,N,
LOGDT034,"BIT","CHAR",Oracle Database,21c,Y,N,N,
LOGDT034,"BIT","CHAR",Oracle Database,12cR2,Y,N,N,
LOGDT034,"BIT","CHAR",Oracle Database,12c,Y,N,N,
LOGDT034,"BIT","CHAR",Oracle Database,11g,Y,N,N,
LOGDT034,"BIT","CHAR",Oracle Database,10g,Y,N,N,
LOGDT034,"BIT","CHAR",Oracle,9i,Y,N,N,
LOGDT034,"BIT","BIT",SQL Server,2012,N,N,N,
LOGDT034,"BIT","BIT",SQL Server,2008,N,N,N,
LOGDT034,"BIT","BIT",SQL Server,2005,N,N,N,
LOGDT034,"BIT","BIT",SQL Server,2000,N,N,N,
LOGDT034,"BIT","CHAR",DB2/390,8,N,N,N,
LOGDT034,"BIT","CHAR",DB2/390,7,N,N,N,
LOGDT034,"BIT","CHAR",DB2/UDB,9,N,N,N,
LOGDT034,"BIT","CHAR",DB2/UDB,8.1,N,N,N,
LOGDT034,"BIT","CHAR",DB2/UDB,7.1,N,N,N,
LOGDT029,"BLOB","BLOB",Oracle Database,21c,N,N,N,
LOGDT029,"BLOB","BLOB",Oracle Database,12cR2,N,N,N,
LOGDT029,"BLOB","BLOB",Oracle Database,12c,N,N,N,
LOGDT029,"BLOB","BLOB",Oracle Database,11g,N,N,N,
LOGDT029,"BLOB","BLOB",Oracle Database,10g,N,N,N,
LOGDT029,"BLOB","BLOB",Oracle,9i,N,N,N,
LOGDT029,"BLOB","IMAGE",SQL Server,2012,N,N,N,
LOGDT029,"BLOB","IMAGE",SQL Server,2008,N,N,N,
LOGDT029,"BLOB","IMAGE",SQL Server,2005,N,N,N,
LOGDT029,"BLOB","IMAGE",SQL Server,2000,N,N,N,
LOGDT029,"BLOB","BLOB",DB2/390,8,N,N,N,
LOGDT029,"BLOB","BLOB",DB2/390,7,N,N,N,
LOGDT029,"BLOB","BLOB",DB2/UDB,9,N,N,N,
LOGDT029,"BLOB","BLOB",DB2/UDB,8.1,N,N,N,
LOGDT029,"BLOB","BLOB",DB2/UDB,7.1,N,N,N,
LOGDT006,"Boolean","NUMBER",Oracle Database,21c,N,N,N,
LOGDT006,"Boolean","NUMBER",Oracle Database,12cR2,N,N,N,
LOGDT006,"Boolean","NUMBER",Oracle Database,12c,N,N,N,
LOGDT006,"Boolean","CHAR",Oracle Database,11g,Y,N,N,
LOGDT006,"Boolean","CHAR",Oracle Database,10g,Y,N,N,
LOGDT006,"Boolean","CHAR",Oracle,9i,Y,N,N,
LOGDT006,"Boolean","BIT",SQL Server,2012,N,N,N,
LOGDT006,"Boolean","BIT",SQL Server,2008,N,N,N,
LOGDT006,"Boolean","BIT",SQL Server,2005,N,N,N,
LOGDT006,"Boolean","BIT",SQL Server,2000,N,N,N,
LOGDT006,"Boolean","CHAR",DB2/390,8,Y,N,N,
LOGDT006,"Boolean","CHAR",DB2/390,7,Y,N,N,
LOGDT006,"Boolean","CHAR",DB2/UDB,9,Y,N,N,
LOGDT006,"Boolean","CHAR",DB2/UDB,8.1,Y,N,N,
LOGDT006,"Boolean","CHAR",DB2/UDB,7.1,Y,N,N,
LOGDT025,"CHAR","CHAR",Oracle Database,21c,N,N,N,
LOGDT025,"CHAR","CHAR",Oracle Database,12cR2,N,N,N,
LOGDT025,"CHAR","CHAR",Oracle Database,12c,N,N,N,
LOGDT025,"CHAR","CHAR",Oracle Database,11g,N,N,N,
LOGDT025,"CHAR","CHAR",Oracle Database,10g,N,N,N,
LOGDT025,"CHAR","CHAR",Oracle,9i,N,N,N,
LOGDT025,"CHAR","CHAR",SQL Server,2012,N,N,N,
LOGDT025,"CHAR","CHAR",SQL Server,2008,N,N,N,
LOGDT025,"CHAR","CHAR",SQL Server,2005,N,N,N,
LOGDT025,"CHAR","CHAR",SQL Server,2000,N,N,N,
LOGDT025,"CHAR","CHAR",DB2/390,8,N,N,N,
LOGDT025,"CHAR","CHAR",DB2/390,7,N,N,N,
LOGDT025,"CHAR","CHAR",DB2/UDB,9,N,N,N,
LOGDT025,"CHAR","CHAR",DB2/UDB,8.1,N,N,N,
LOGDT025,"CHAR","CHAR",DB2/UDB,7.1,N,N,N,
LOGDT028,"CLOB","CLOB",Oracle Database,21c,N,N,N,
LOGDT028,"CLOB","CLOB",Oracle Database,12cR2,N,N,N,
LOGDT028,"CLOB","CLOB",Oracle Database,12c,N,N,N,
LOGDT028,"CLOB","CLOB",Oracle Database,11g,N,N,N,
LOGDT028,"CLOB","CLOB",Oracle Database,10g,N,N,N,
LOGDT028,"CLOB","CLOB",Oracle,9i,N,N,N,
LOGDT028,"CLOB","VARCHAR",SQL Server,2012,N,N,N,
LOGDT028,"CLOB","VARCHAR",SQL Server,2008,N,N,N,
LOGDT028,"CLOB","VARCHAR",SQL Server,2005,N,N,N,
LOGDT028,"CLOB","TEXT",SQL Server,2000,N,N,N,
LOGDT028,"CLOB","CLOB",DB2/390,8,N,N,N,
LOGDT028,"CLOB","CLOB",DB2/390,7,N,N,N,
LOGDT028,"CLOB","CLOB",DB2/UDB,9,N,N,N,
LOGDT028,"CLOB","CLOB",DB2/UDB,8.1,N,N,N,
LOGDT028,"CLOB","CLOB",DB2/UDB,7.1,N,N,N,
LOGDT030,"DATALINK","BLOB",Oracle Database,21c,N,N,N,
LOGDT030,"DATALINK","BLOB",Oracle Database,12cR2,N,N,N,
LOGDT030,"DATALINK","BLOB",Oracle Database,12c,N,N,N,
LOGDT030,"DATALINK","BLOB",Oracle Database,11g,N,N,N,
LOGDT030,"DATALINK","BLOB",Oracle Database,10g,N,N,N,
LOGDT030,"DATALINK","BLOB",Oracle,9i,N,N,N,
LOGDT030,"DATALINK","BINARY",SQL Server,2012,Y,N,N,
LOGDT030,"DATALINK","BINARY",SQL Server,2008,Y,N,N,
LOGDT030,"DATALINK","BINARY",SQL Server,2005,Y,N,N,
LOGDT030,"DATALINK","BINARY",SQL Server,2000,Y,N,N,
LOGDT030,"DATALINK","VARCHAR",DB2/390,8,N,N,N,
LOGDT030,"DATALINK","VARCHAR",DB2/390,7,N,N,N,
LOGDT030,"DATALINK","DATALINK",DB2/UDB,9,N,N,N,
LOGDT030,"DATALINK","DATALINK",DB2/UDB,8.1,N,N,N,
LOGDT030,"DATALINK","DATALINK",DB2/UDB,7.1,N,N,N,
LOGDT007,"Date","DATE",Oracle Database,21c,N,N,N,
LOGDT007,"Date","DATE",Oracle Database,12cR2,N,N,N,
LOGDT007,"Date","DATE",Oracle Database,12c,N,N,N,
LOGDT007,"Date","DATE",Oracle Database,11g,N,N,N,
LOGDT007,"Date","DATE",Oracle Database,10g,N,N,N,
LOGDT007,"Date","DATE",Oracle,9i,N,N,N,
LOGDT007,"Date","DATE",SQL Server,2012,N,N,N,
LOGDT007,"Date","DATE",SQL Server,2008,N,N,N,
LOGDT007,"Date","DATETIME",SQL Server,2005,N,N,N,
LOGDT007,"Date","DATETIME",SQL Server,2000,N,N,N,
LOGDT007,"Date","DATE",DB2/390,8,N,N,N,
LOGDT007,"Date","DATE",DB2/390,7,N,N,N,
LOGDT007,"Date","DATE",DB2/UDB,9,N,N,N,
LOGDT007,"Date","DATE",DB2/UDB,8.1,N,N,N,
LOGDT007,"Date","DATE",DB2/UDB,7.1,N,N,N,
LOGDT008,"Datetime","DATE",Oracle Database,21c,N,N,N,
LOGDT008,"Datetime","DATE",Oracle Database,12cR2,N,N,N,
LOGDT008,"Datetime","DATE",Oracle Database,12c,N,N,N,
LOGDT008,"Datetime","DATE",Oracle Database,11g,N,N,N,
LOGDT008,"Datetime","DATE",Oracle Database,10g,N,N,N,
LOGDT008,"Datetime","DATE",Oracle,9i,N,N,N,
LOGDT008,"Datetime","DATETIME",SQL Server,2012,N,N,N,
LOGDT008,"Datetime","DATETIME",SQL Server,2008,N,N,N,
LOGDT008,"Datetime","DATETIME",SQL Server,2005,N,N,N,
LOGDT008,"Datetime","DATETIME",SQL Server,2000,N,N,N,
LOGDT008,"Datetime","TIMESTAMP",DB2/390,8,N,N,N,
LOGDT008,"Datetime","TIMESTAMP",DB2/390,7,N,N,N,
LOGDT008,"Datetime","TIMESTAMP",DB2/UDB,9,N,N,N,
LOGDT008,"Datetime","TIMESTAMP",DB2/UDB,8.1,N,N,N,
LOGDT008,"Datetime","TIMESTAMP",DB2/UDB,7.1,N,N,N,
91229484-D19C-D458-8647-333C7FFE7B60,"DATETIME2","TIMESTAMP",Oracle Database,21c,N,Y,N,
91229484-D19C-D458-8647-333C7FFE7B60,"DATETIME2","TIMESTAMP",Oracle Database,12cR2,N,Y,N,
91229484-D19C-D458-8647-333C7FFE7B60,"DATETIME2","TIMESTAMP",Oracle Database,12c,N,Y,N,
91229484-D19C-D458-8647-333C7FFE7B60,"DATETIME2","TIMESTAMP",Oracle Database,11g,N,Y,N,
91229484-D19C-D458-8647-333C7FFE7B60,"DATETIME2","TIMESTAMP",Oracle Database,10g,N,Y,N,
91229484-D19C-D458-8647-333C7FFE7B60,"DATETIME2","TIMESTAMP",Oracle,9i,N,Y,N,
91229484-D19C-D458-8647-333C7FFE7B60,"DATETIME2","DATETIME2",SQL Server,2012,N,N,N,
91229484-D19C-D458-8647-333C7FFE7B60,"DATETIME2","DATETIME2",SQL Server,2008,N,N,N,
91229484-D19C-D458-8647-333C7FFE7B60,"DATETIME2","DATETIME",SQL Server,2005,N,N,N,
91229484-D19C-D458-8647-333C7FFE7B60,"DATETIME2","DATETIME",SQL Server,2000,N,N,N,
91229484-D19C-D458-8647-333C7FFE7B60,"DATETIME2","TIMESTAMP",DB2/390,8,N,N,N,
91229484-D19C-D458-8647-333C7FFE7B60,"DATETIME2","TIMESTAMP",DB2/390,7,N,N,N,
91229484-D19C-D458-8647-333C7FFE7B60,"DATETIME2","TIMESTAMP",DB2/UDB,9,N,N,N,
91229484-D19C-D458-8647-333C7FFE7B60,"DATETIME2","TIMESTAMP",DB2/UDB,8.1,N,N,N,
91229484-D19C-D458-8647-333C7FFE7B60,"DATETIME2","TIMESTAMP",DB2/UDB,7.1,N,N,N,
LOGDT054,"DBURIType","DBURITYPE",Oracle Database,21c,N,N,N,
LOGDT054,"DBURIType","DBURITYPE",Oracle Database,12cR2,N,N,N,
LOGDT054,"DBURIType","DBURITYPE",Oracle Database,12c,N,N,N,
LOGDT054,"DBURIType","DBURITYPE",Oracle Database,11g,N,N,N,
LOGDT054,"DBURIType","DBURITYPE",Oracle Database,10g,N,N,N,
LOGDT054,"DBURIType","DBURITYPE",Oracle,9i,N,N,N,
LOGDT054,"DBURIType","CHAR",SQL Server,2012,N,N,N,
LOGDT054,"DBURIType","CHAR",SQL Server,2008,N,N,N,
LOGDT054,"DBURIType","CHAR",SQL Server,2005,N,N,N,
LOGDT054,"DBURIType","CHAR",SQL Server,2000,N,N,N,
LOGDT054,"DBURIType","CHAR",DB2/390,8,N,N,N,
LOGDT054,"DBURIType","CHAR",DB2/390,7,N,N,N,
LOGDT054,"DBURIType","DATALINK",DB2/UDB,9,N,N,N,
LOGDT054,"DBURIType","DATALINK",DB2/UDB,8.1,N,N,N,
LOGDT054,"DBURIType","DATALINK",DB2/UDB,7.1,N,N,N,
LOGDT026,"DECIMAL","NUMBER",Oracle Database,21c,N,N,N,
LOGDT026,"DECIMAL","NUMBER",Oracle Database,12cR2,N,N,N,
LOGDT026,"DECIMAL","NUMBER",Oracle Database,12c,N,N,N,
LOGDT026,"DECIMAL","NUMBER",Oracle Database,11g,N,N,N,
LOGDT026,"DECIMAL","NUMBER",Oracle Database,10g,N,N,N,
LOGDT026,"DECIMAL","NUMBER",Oracle,9i,N,N,N,
LOGDT026,"DECIMAL","DECIMAL",SQL Server,2012,N,Y,N,
LOGDT026,"DECIMAL","DECIMAL",SQL Server,2008,N,Y,N,
LOGDT026,"DECIMAL","DECIMAL",SQL Server,2005,N,Y,N,
LOGDT026,"DECIMAL","DECIMAL",SQL Server,2000,N,Y,N,
LOGDT026,"DECIMAL","DECIMAL",DB2/390,8,N,Y,N,
LOGDT026,"DECIMAL","DECIMAL",DB2/390,7,N,Y,N,
LOGDT026,"DECIMAL","DECIMAL",DB2/UDB,9,N,Y,N,
LOGDT026,"DECIMAL","DECIMAL",DB2/UDB,8.1,N,Y,N,
LOGDT026,"DECIMAL","DECIMAL",DB2/UDB,7.1,N,Y,N,
69230305-AB6A-99EB-35A1-CC306D543604,"DECFLOAT","NUMBER",Oracle Database,21c,N,N,N,
69230305-AB6A-99EB-35A1-CC306D543604,"DECFLOAT","NUMBER",Oracle Database,12cR2,N,N,N,
69230305-AB6A-99EB-35A1-CC306D543604,"DECFLOAT","NUMBER",Oracle Database,12c,N,N,N,
69230305-AB6A-99EB-35A1-CC306D543604,"DECFLOAT","NUMBER",Oracle Database,11g,N,N,N,
69230305-AB6A-99EB-35A1-CC306D543604,"DECFLOAT","NUMBER",Oracle Database,10g,N,N,N,
69230305-AB6A-99EB-35A1-CC306D543604,"DECFLOAT","NUMBER",Oracle,9i,N,N,N,
69230305-AB6A-99EB-35A1-CC306D543604,"DECFLOAT","NUMERIC",SQL Server,2012,N,N,N,
69230305-AB6A-99EB-35A1-CC306D543604,"DECFLOAT","NUMERIC",SQL Server,2008,N,N,N,
69230305-AB6A-99EB-35A1-CC306D543604,"DECFLOAT","NUMERIC",SQL Server,2005,N,N,N,
69230305-AB6A-99EB-35A1-CC306D543604,"DECFLOAT","NUMERIC",SQL Server,2000,N,N,N,
69230305-AB6A-99EB-35A1-CC306D543604,"DECFLOAT","NUMERIC",DB2/390,8,N,N,N,
69230305-AB6A-99EB-35A1-CC306D543604,"DECFLOAT","NUMERIC",DB2/390,7,N,N,N,
69230305-AB6A-99EB-35A1-CC306D543604,"DECFLOAT","DECFLOAT",DB2/UDB,9,N,N,N,
69230305-AB6A-99EB-35A1-CC306D543604,"DECFLOAT","NUMERIC",DB2/UDB,8.1,N,N,N,
69230305-AB6A-99EB-35A1-CC306D543604,"DECFLOAT","NUMERIC",DB2/UDB,7.1,N,N,N,
LOGDT020,"DOUBLE","NUMBER",Oracle Database,21c,N,N,N,
LOGDT020,"DOUBLE","NUMBER",Oracle Database,12cR2,N,N,N,
LOGDT020,"DOUBLE","NUMBER",Oracle Database,12c,N,N,N,
LOGDT020,"DOUBLE","NUMBER",Oracle Database,11g,N,N,N,
LOGDT020,"DOUBLE","NUMBER",Oracle Database,10g,N,N,N,
LOGDT020,"DOUBLE","NUMBER",Oracle,9i,N,N,N,
LOGDT020,"DOUBLE","BIGINT",SQL Server,2012,N,N,N,
LOGDT020,"DOUBLE","BIGINT",SQL Server,2008,N,N,N,
LOGDT020,"DOUBLE","BIGINT",SQL Server,2005,N,N,N,
LOGDT020,"DOUBLE","BIGINT",SQL Server,2000,N,N,N,
LOGDT020,"DOUBLE","DOUBLE",DB2/390,8,N,N,N,
LOGDT020,"DOUBLE","DOUBLE",DB2/390,7,N,N,N,
LOGDT020,"DOUBLE","DOUBLE",DB2/UDB,9,N,N,N,
LOGDT020,"DOUBLE","DOUBLE",DB2/UDB,8.1,N,N,N,
LOGDT020,"DOUBLE","DOUBLE",DB2/UDB,7.1,N,N,N,
LOGDT021,"FLOAT","FLOAT",Oracle Database,21c,N,N,N,
LOGDT021,"FLOAT","FLOAT",Oracle Database,12cR2,N,N,N,
LOGDT021,"FLOAT","FLOAT",Oracle Database,12c,N,N,N,
LOGDT021,"FLOAT","FLOAT",Oracle Database,11g,N,N,N,
LOGDT021,"FLOAT","FLOAT",Oracle Database,10g,N,N,N,
LOGDT021,"FLOAT","FLOAT",Oracle,9i,N,N,N,
LOGDT021,"FLOAT","FLOAT",SQL Server,2012,N,N,N,
LOGDT021,"FLOAT","FLOAT",SQL Server,2008,N,N,N,
LOGDT021,"FLOAT","FLOAT",SQL Server,2005,N,N,N,
LOGDT021,"FLOAT","FLOAT",SQL Server,2000,N,N,N,
LOGDT021,"FLOAT","FLOAT",DB2/390,8,N,N,N,
LOGDT021,"FLOAT","FLOAT",DB2/390,7,N,N,N,
LOGDT021,"FLOAT","FLOAT",DB2/UDB,9,N,N,N,
LOGDT021,"FLOAT","FLOAT",DB2/UDB,8.1,N,N,N,
LOGDT021,"FLOAT","FLOAT",DB2/UDB,7.1,N,N,N,
LOGDT031,"GRAPHIC","BLOB",Oracle Database,21c,N,N,N,
LOGDT031,"GRAPHIC","BLOB",Oracle Database,12cR2,N,N,N,
LOGDT031,"GRAPHIC","BLOB",Oracle Database,12c,N,N,N,
LOGDT031,"GRAPHIC","BLOB",Oracle Database,11g,N,N,N,
LOGDT031,"GRAPHIC","BLOB",Oracle Database,10g,N,N,N,
LOGDT031,"GRAPHIC","BLOB",Oracle,9i,N,N,N,
LOGDT031,"GRAPHIC","BINARY",SQL Server,2012,Y,N,N,
LOGDT031,"GRAPHIC","BINARY",SQL Server,2008,Y,N,N,
LOGDT031,"GRAPHIC","BINARY",SQL Server,2005,Y,N,N,
LOGDT031,"GRAPHIC","BINARY",SQL Server,2000,Y,N,N,
LOGDT031,"GRAPHIC","GRAPHIC",DB2/390,8,N,N,N,
LOGDT031,"GRAPHIC","GRAPHIC",DB2/390,7,N,N,N,
LOGDT031,"GRAPHIC","GRAPHIC",DB2/UDB,9,N,N,N,
LOGDT031,"GRAPHIC","GRAPHIC",DB2/UDB,8.1,N,N,N,
LOGDT031,"GRAPHIC","GRAPHIC",DB2/UDB,7.1,N,N,N,
LOGDT052,"HTTPURIType","HTTPURITYPE",Oracle Database,21c,N,N,N,
LOGDT052,"HTTPURIType","HTTPURITYPE",Oracle Database,12cR2,N,N,N,
LOGDT052,"HTTPURIType","HTTPURITYPE",Oracle Database,12c,N,N,N,
LOGDT052,"HTTPURIType","HTTPURITYPE",Oracle Database,11g,N,N,N,
LOGDT052,"HTTPURIType","HTTPURITYPE",Oracle Database,10g,N,N,N,
LOGDT052,"HTTPURIType","HTTPURITYPE",Oracle,9i,N,N,N,
LOGDT052,"HTTPURIType","CHAR",SQL Server,2012,N,N,N,
LOGDT052,"HTTPURIType","CHAR",SQL Server,2008,N,N,N,
LOGDT052,"HTTPURIType","CHAR",SQL Server,2005,N,N,N,
LOGDT052,"HTTPURIType","CHAR",SQL Server,2000,N,N,N,
LOGDT052,"HTTPURIType","CHAR",DB2/390,8,N,N,N,
LOGDT052,"HTTPURIType","CHAR",DB2/390,7,N,N,N,
LOGDT052,"HTTPURIType","CHAR",DB2/UDB,9,N,N,N,
LOGDT052,"HTTPURIType","CHAR",DB2/UDB,8.1,N,N,N,
LOGDT052,"HTTPURIType","CHAR",DB2/UDB,7.1,N,N,N,
LOGDT049,"INTERVAL DAY TO SECOND","INTERVAL DAY TO SECOND",Oracle Database,21c,N,Y,N,
LOGDT049,"INTERVAL DAY TO SECOND","INTERVAL DAY TO SECOND",Oracle Database,12cR2,N,Y,N,
LOGDT049,"INTERVAL DAY TO SECOND","INTERVAL DAY TO SECOND",Oracle Database,12c,N,Y,N,
LOGDT049,"INTERVAL DAY TO SECOND","INTERVAL DAY TO SECOND",Oracle Database,11g,N,Y,N,
LOGDT049,"INTERVAL DAY TO SECOND","INTERVAL DAY TO SECOND",Oracle Database,10g,N,Y,N,
LOGDT049,"INTERVAL DAY TO SECOND","INTERVAL DAY TO SECOND",Oracle,9i,N,Y,N,
LOGDT049,"INTERVAL DAY TO SECOND","CHAR",SQL Server,2012,N,N,N,
LOGDT049,"INTERVAL DAY TO SECOND","CHAR",SQL Server,2008,N,N,N,
LOGDT049,"INTERVAL DAY TO SECOND","CHAR",SQL Server,2005,N,N,N,
LOGDT049,"INTERVAL DAY TO SECOND","CHAR",SQL Server,2000,N,N,N,
LOGDT049,"INTERVAL DAY TO SECOND","CHAR",DB2/390,8,N,N,N,
LOGDT049,"INTERVAL DAY TO SECOND","CHAR",DB2/390,7,N,N,N,
LOGDT049,"INTERVAL DAY TO SECOND","CHAR",DB2/UDB,9,N,N,N,
LOGDT049,"INTERVAL DAY TO SECOND","CHAR",DB2/UDB,8.1,N,N,N,
LOGDT049,"INTERVAL DAY TO SECOND","CHAR",DB2/UDB,7.1,N,N,N,
LOGDT048,"INTERVAL YEAR TO MONTH","INTERVAL YEAR TO MONTH",Oracle Database,21c,N,Y,N,
LOGDT048,"INTERVAL YEAR TO MONTH","INTERVAL YEAR TO MONTH",Oracle Database,12cR2,N,Y,N,
LOGDT048,"INTERVAL YEAR TO MONTH","INTERVAL YEAR TO MONTH",Oracle Database,12c,N,Y,N,
LOGDT048,"INTERVAL YEAR TO MONTH","INTERVAL YEAR TO MONTH",Oracle Database,11g,N,Y,N,
LOGDT048,"INTERVAL YEAR TO MONTH","INTERVAL YEAR TO MONTH",Oracle Database,10g,N,Y,N,
LOGDT048,"INTERVAL YEAR TO MONTH","INTERVAL YEAR TO MONTH",Oracle,9i,N,Y,N,
LOGDT048,"INTERVAL YEAR TO MONTH","CHAR",SQL Server,2012,N,N,N,
LOGDT048,"INTERVAL YEAR TO MONTH","CHAR",SQL Server,2008,N,N,N,
LOGDT048,"INTERVAL YEAR TO MONTH","CHAR",SQL Server,2005,N,N,N,
LOGDT048,"INTERVAL YEAR TO MONTH","CHAR",SQL Server,2000,N,N,N,
LOGDT048,"INTERVAL YEAR TO MONTH","CHAR",DB2/390,8,N,N,N,
LOGDT048,"INTERVAL YEAR TO MONTH","CHAR",DB2/390,7,N,N,N,
LOGDT048,"INTERVAL YEAR TO MONTH","CHAR",DB2/UDB,9,N,N,N,
LOGDT048,"INTERVAL YEAR TO MONTH","CHAR",DB2/UDB,8.1,N,N,N,
LOGDT048,"INTERVAL YEAR TO MONTH","CHAR",DB2/UDB,7.1,N,N,N,
LOGDT010,"Image","BLOB",Oracle Database,21c,N,N,N,
LOGDT010,"Image","BLOB",Oracle Database,12cR2,N,N,N,
LOGDT010,"Image","BLOB",Oracle Database,12c,N,N,N,
LOGDT010,"Image","BLOB",Oracle Database,11g,N,N,N,
LOGDT010,"Image","BLOB",Oracle Database,10g,N,N,N,
LOGDT010,"Image","BLOB",Oracle,9i,N,N,N,
LOGDT010,"Image","IMAGE",SQL Server,2012,N,N,N,
LOGDT010,"Image","IMAGE",SQL Server,2008,N,N,N,
LOGDT010,"Image","IMAGE",SQL Server,2005,N,N,N,
LOGDT010,"Image","IMAGE",SQL Server,2000,N,N,N,
LOGDT010,"Image","BLOB",DB2/390,8,N,N,N,
LOGDT010,"Image","BLOB",DB2/390,7,N,N,N,
LOGDT010,"Image","BLOB",DB2/UDB,9,N,N,N,
LOGDT010,"Image","BLOB",DB2/UDB,8.1,N,N,N,
LOGDT010,"Image","BLOB",DB2/UDB,7.1,N,N,N,
LOGDT011,"Integer","INTEGER",Oracle Database,21c,N,N,N,
LOGDT011,"Integer","INTEGER",Oracle Database,12cR2,N,N,N,
LOGDT011,"Integer","INTEGER",Oracle Database,12c,N,N,N,
LOGDT011,"Integer","INTEGER",Oracle Database,11g,N,N,N,
LOGDT011,"Integer","INTEGER",Oracle Database,10g,N,N,N,
LOGDT011,"Integer","INTEGER",Oracle,9i,N,N,N,
LOGDT011,"Integer","INTEGER",SQL Server,2012,N,N,N,
LOGDT011,"Integer","INTEGER",SQL Server,2008,N,N,N,
LOGDT011,"Integer","INTEGER",SQL Server,2005,N,N,N,
LOGDT011,"Integer","INTEGER",SQL Server,2000,N,N,N,
LOGDT011,"Integer","INTEGER",DB2/390,8,N,N,N,
LOGDT011,"Integer","INTEGER",DB2/390,7,N,N,N,
LOGDT011,"Integer","INTEGER",DB2/UDB,9,N,N,N,
LOGDT011,"Integer","INTEGER",DB2/UDB,8.1,N,N,N,
LOGDT011,"Integer","INTEGER",DB2/UDB,7.1,N,N,N,
LogDes-1768A872-F385-FDBA-D95E-0CB63F5908E2@LOGDT10045,"Long Char","LONG",Oracle Database,21c,N,N,N,
LogDes-1768A872-F385-FDBA-D95E-0CB63F5908E2@LOGDT10045,"Long Char","LONG",Oracle Database,12cR2,N,N,N,
LogDes-1768A872-F385-FDBA-D95E-0CB63F5908E2@LOGDT10045,"Long Char","LONG",Oracle Database,12c,N,N,N,
LogDes-1768A872-F385-FDBA-D95E-0CB63F5908E2@LOGDT10045,"Long Char","LONG",Oracle Database,11g,N,N,N,
LogDes-1768A872-F385-FDBA-D95E-0CB63F5908E2@LOGDT10045,"Long Char","LONG",Oracle Database,10g,N,N,N,
LogDes-1768A872-F385-FDBA-D95E-0CB63F5908E2@LOGDT10045,"Long Char","LONG",Oracle,9i,N,N,N,
LogDes-1768A872-F385-FDBA-D95E-0CB63F5908E2@LOGDT10045,"Long Char","VARCHAR",SQL Server,2012,N,N,N,
LogDes-1768A872-F385-FDBA-D95E-0CB63F5908E2@LOGDT10045,"Long Char","VARCHAR",SQL Server,2008,N,N,N,
LogDes-1768A872-F385-FDBA-D95E-0CB63F5908E2@LOGDT10045,"Long Char","VARCHAR",SQL Server,2005,N,N,N,
LogDes-1768A872-F385-FDBA-D95E-0CB63F5908E2@LOGDT10045,"Long Char","VARCHAR",SQL Server,2000,N,N,N,
LogDes-1768A872-F385-FDBA-D95E-0CB63F5908E2@LOGDT10045,"Long Char","CLOB",DB2/390,8,N,N,N,
LogDes-1768A872-F385-FDBA-D95E-0CB63F5908E2@LOGDT10045,"Long Char","CLOB",DB2/390,7,N,N,N,
LogDes-1768A872-F385-FDBA-D95E-0CB63F5908E2@LOGDT10045,"Long Char","CLOB",DB2/UDB,9,N,N,N,
LogDes-1768A872-F385-FDBA-D95E-0CB63F5908E2@LOGDT10045,"Long Char","CLOB",DB2/UDB,8.1,N,N,N,
LogDes-1768A872-F385-FDBA-D95E-0CB63F5908E2@LOGDT10045,"Long Char","CLOB",DB2/UDB,7.1,N,N,N,
LogDes-7DD553FD-11E8-61FA-399D-2E531FB621D0@LOGDT10036,"Long_Raw","LONG RAW",Oracle Database,21c,N,N,N,
LogDes-7DD553FD-11E8-61FA-399D-2E531FB621D0@LOGDT10036,"Long_Raw","LONG RAW",Oracle Database,12cR2,N,N,N,
LogDes-7DD553FD-11E8-61FA-399D-2E531FB621D0@LOGDT10036,"Long_Raw","LONG RAW",Oracle Database,12c,N,N,N,
LogDes-7DD553FD-11E8-61FA-399D-2E531FB621D0@LOGDT10036,"Long_Raw","LONG RAW",Oracle Database,11g,N,N,N,
LogDes-7DD553FD-11E8-61FA-399D-2E531FB621D0@LOGDT10036,"Long_Raw","LONG RAW",Oracle Database,10g,N,N,N,
LogDes-7DD553FD-11E8-61FA-399D-2E531FB621D0@LOGDT10036,"Long_Raw","LONG RAW",Oracle,9i,N,N,N,
LogDes-7DD553FD-11E8-61FA-399D-2E531FB621D0@LOGDT10036,"Long_Raw","VARBINARY",SQL Server,2012,N,N,N,
LogDes-7DD553FD-11E8-61FA-399D-2E531FB621D0@LOGDT10036,"Long_Raw","VARBINARY",SQL Server,2008,N,N,N,
LogDes-7DD553FD-11E8-61FA-399D-2E531FB621D0@LOGDT10036,"Long_Raw","VARBINARY",SQL Server,2005,N,N,N,
LogDes-7DD553FD-11E8-61FA-399D-2E531FB621D0@LOGDT10036,"Long_Raw","VARBINARY",SQL Server,2000,N,N,N,
LogDes-7DD553FD-11E8-61FA-399D-2E531FB621D0@LOGDT10036,"Long_Raw","BLOB",DB2/390,8,N,N,N,
LogDes-7DD553FD-11E8-61FA-399D-2E531FB621D0@LOGDT10036,"Long_Raw","BLOB",DB2/390,7,N,N,N,
LogDes-7DD553FD-11E8-61FA-399D-2E531FB621D0@LOGDT10036,"Long_Raw","BLOB",DB2/UDB,9,N,N,N,
LogDes-7DD553FD-11E8-61FA-399D-2E531FB621D0@LOGDT10036,"Long_Raw","BLOB",DB2/UDB,8.1,N,N,N,
LogDes-7DD553FD-11E8-61FA-399D-2E531FB621D0@LOGDT10036,"Long_Raw","BLOB",DB2/UDB,7.1,N,N,N,
LOGDT043,"MONEY","NUMBER",Oracle Database,21c,N,N,N,
LOGDT043,"MONEY","NUMBER",Oracle Database,12cR2,N,N,N,
LOGDT043,"MONEY","NUMBER",Oracle Database,12c,N,N,N,
LOGDT043,"MONEY","NUMBER",Oracle Database,11g,N,N,N,
LOGDT043,"MONEY","NUMBER",Oracle Database,10g,N,N,N,
LOGDT043,"MONEY","NUMBER",Oracle,9i,N,N,N,
LOGDT043,"MONEY","MONEY",SQL Server,2012,N,N,N,
LOGDT043,"MONEY","MONEY",SQL Server,2008,N,N,N,
LOGDT043,"MONEY","MONEY",SQL Server,2005,N,N,N,
LOGDT043,"MONEY","MONEY",SQL Server,2000,N,N,N,
LOGDT043,"MONEY","DOUBLE",DB2/390,8,N,N,N,
LOGDT043,"MONEY","DOUBLE",DB2/390,7,N,N,N,
LOGDT043,"MONEY","DOUBLE",DB2/UDB,9,N,N,N,
LOGDT043,"MONEY","DOUBLE",DB2/UDB,8.1,N,N,N,
LOGDT043,"MONEY","DOUBLE",DB2/UDB,7.1,N,N,N,
LOGDT035,"NCHAR","NCHAR",Oracle Database,21c,N,N,N,
LOGDT035,"NCHAR","NCHAR",Oracle Database,12cR2,N,N,N,
LOGDT035,"NCHAR","NCHAR",Oracle Database,12c,N,N,N,
LOGDT035,"NCHAR","NCHAR",Oracle Database,11g,N,N,N,
LOGDT035,"NCHAR","NCHAR",Oracle Database,10g,N,N,N,
LOGDT035,"NCHAR","NCHAR",Oracle,9i,N,N,N,
LOGDT035,"NCHAR","NCHAR",SQL Server,2012,N,N,N,
LOGDT035,"NCHAR","NCHAR",SQL Server,2008,N,N,N,
LOGDT035,"NCHAR","NCHAR",SQL Server,2005,N,N,N,
LOGDT035,"NCHAR","NCHAR",SQL Server,2000,N,N,N,
LOGDT035,"NCHAR","CHAR",DB2/390,8,N,N,N,
LOGDT035,"NCHAR","CHAR",DB2/390,7,N,N,N,
LOGDT035,"NCHAR","CHAR",DB2/UDB,9,N,N,N,
LOGDT035,"NCHAR","CHAR",DB2/UDB,8.1,N,N,N,
LOGDT035,"NCHAR","CHAR",DB2/UDB,7.1,N,N,N,
LogDes-7DD553FD-11E8-61FA-399D-2E531FB621D0@LOGDT10035,"NClob","NCLOB",Oracle Database,21c,N,N,N,
LogDes-7DD553FD-11E8-61FA-399D-2E531FB621D0@LOGDT10035,"NClob","NCLOB",Oracle Database,12cR2,N,N,N,
LogDes-7DD553FD-11E8-61FA-399D-2E531FB621D0@LOGDT10035,"NClob","NCLOB",Oracle Database,12c,N,N,N,
LogDes-7DD553FD-11E8-61FA-399D-2E531FB621D0@LOGDT10035,"NClob","NCLOB",Oracle Database,11g,N,N,N,
LogDes-7DD553FD-11E8-61FA-399D-2E531FB621D0@LOGDT10035,"NClob","NCLOB",Oracle Database,10g,N,N,N,
LogDes-7DD553FD-11E8-61FA-399D-2E531FB621D0@LOGDT10035,"NClob","NCLOB",Oracle,9i,N,N,N,
LogDes-7DD553FD-11E8-61FA-399D-2E531FB621D0@LOGDT10035,"NClob","NTEXT",SQL Server,2012,N,N,N,
LogDes-7DD553FD-11E8-61FA-399D-2E531FB621D0@LOGDT10035,"NClob","NTEXT",SQL Server,2008,N,N,N,
LogDes-7DD553FD-11E8-61FA-399D-2E531FB621D0@LOGDT10035,"NClob","NTEXT",SQL Server,2005,N,N,N,
LogDes-7DD553FD-11E8-61FA-399D-2E531FB621D0@LOGDT10035,"NClob","NTEXT",SQL Server,2000,N,N,N,
LogDes-7DD553FD-11E8-61FA-399D-2E531FB621D0@LOGDT10035,"NClob","CLOB",DB2/390,8,N,N,N,
LogDes-7DD553FD-11E8-61FA-399D-2E531FB621D0@LOGDT10035,"NClob","CLOB",DB2/390,7,N,N,N,
LogDes-7DD553FD-11E8-61FA-399D-2E531FB621D0@LOGDT10035,"NClob","CLOB",DB2/UDB,9,N,N,N,
LogDes-7DD553FD-11E8-61FA-399D-2E531FB621D0@LOGDT10035,"NClob","CLOB",DB2/UDB,8.1,N,N,N,
LogDes-7DD553FD-11E8-61FA-399D-2E531FB621D0@LOGDT10035,"NClob","CLOB",DB2/UDB,7.1,N,N,N,
LOGDT036,"NTEXT","NCLOB",Oracle Database,21c,N,N,N,
LOGDT036,"NTEXT","NCLOB",Oracle Database,12cR2,N,N,N,
LOGDT036,"NTEXT","NCLOB",Oracle Database,12c,N,N,N,
LOGDT036,"NTEXT","NCLOB",Oracle Database,11g,N,N,N,
LOGDT036,"NTEXT","NCLOB",Oracle Database,10g,N,N,N,
LOGDT036,"NTEXT","NCLOB",Oracle,9i,N,N,N,
LOGDT036,"NTEXT","NTEXT",SQL Server,2012,N,N,N,
LOGDT036,"NTEXT","NTEXT",SQL Server,2008,N,N,N,
LOGDT036,"NTEXT","NTEXT",SQL Server,2005,N,N,N,
LOGDT036,"NTEXT","NTEXT",SQL Server,2000,N,N,N,
LOGDT036,"NTEXT","CLOB",DB2/390,8,N,N,N,
LOGDT036,"NTEXT","CLOB",DB2/390,7,N,N,N,
LOGDT036,"NTEXT","CLOB",DB2/UDB,9,N,N,N,
LOGDT036,"NTEXT","CLOB",DB2/UDB,8.1,N,N,N,
LOGDT036,"NTEXT","CLOB",DB2/UDB,7.1,N,N,N,
LOGDT019,"NUMERIC","NUMBER",Oracle Database,21c,N,N,N,
LOGDT019,"NUMERIC","NUMBER",Oracle Database,12cR2,N,N,N,
LOGDT019,"NUMERIC","NUMBER",Oracle Database,12c,N,N,N,
LOGDT019,"NUMERIC","NUMBER",Oracle Database,11g,N,N,N,
LOGDT019,"NUMERIC","NUMBER",Oracle Database,10g,N,N,N,
LOGDT019,"NUMERIC","NUMBER",Oracle,9i,N,N,N,
LOGDT019,"NUMERIC","NUMERIC",SQL Server,2012,N,Y,N,
LOGDT019,"NUMERIC","NUMERIC",SQL Server,2008,N,Y,N,
LOGDT019,"NUMERIC","NUMERIC",SQL Server,2005,N,Y,N,
LOGDT019,"NUMERIC","NUMERIC",SQL Server,2000,N,Y,N,
LOGDT019,"NUMERIC","NUMERIC",DB2/390,8,N,Y,N,
LOGDT019,"NUMERIC","NUMERIC",DB2/390,7,N,Y,N,
LOGDT019,"NUMERIC","NUMERIC",DB2/UDB,9,N,Y,N,
LOGDT019,"NUMERIC","NUMERIC",DB2/UDB,8.1,N,Y,N,
LOGDT019,"NUMERIC","NUMERIC",DB2/UDB,7.1,N,Y,N,
LOGDT037,"NVARCHAR","NVARCHAR2",Oracle Database,21c,N,N,N,
LOGDT037,"NVARCHAR","NVARCHAR2",Oracle Database,12cR2,N,N,N,
LOGDT037,"NVARCHAR","NVARCHAR2",Oracle Database,12c,N,N,N,
LOGDT037,"NVARCHAR","NVARCHAR2",Oracle Database,11g,N,N,N,
LOGDT037,"NVARCHAR","NVARCHAR2",Oracle Database,10g,N,N,N,
LOGDT037,"NVARCHAR","NVARCHAR2",Oracle,9i,N,N,N,
LOGDT037,"NVARCHAR","NVARCHAR",SQL Server,2012,N,N,N,
LOGDT037,"NVARCHAR","NVARCHAR",SQL Server,2008,N,N,N,
LOGDT037,"NVARCHAR","NVARCHAR",SQL Server,2005,N,N,N,
LOGDT037,"NVARCHAR","NVARCHAR",SQL Server,2000,N,N,N,
LOGDT037,"NVARCHAR","VARCHAR",DB2/390,8,N,N,N,
LOGDT037,"NVARCHAR","VARCHAR",DB2/390,7,N,N,N,
LOGDT037,"NVARCHAR","VARCHAR",DB2/UDB,9,N,N,N,
LOGDT037,"NVARCHAR","VARCHAR",DB2/UDB,8.1,N,N,N,
LOGDT037,"NVARCHAR","VARCHAR",DB2/UDB,7.1,N,N,N,
LogDes-4972B6D2-6F93-8AE5-6E24-3599E65A7CFE@LOGDT10005,"ORDAUDIO","ORDSYS.ORDAudio",Oracle Database,21c,N,N,N,
LogDes-4972B6D2-6F93-8AE5-6E24-3599E65A7CFE@LOGDT10005,"ORDAUDIO","ORDSYS.ORDAudio",Oracle Database,12cR2,N,N,N,
LogDes-4972B6D2-6F93-8AE5-6E24-3599E65A7CFE@LOGDT10005,"ORDAUDIO","ORDSYS.ORDAudio",Oracle Database,12c,N,N,N,
LogDes-4972B6D2-6F93-8AE5-6E24-3599E65A7CFE@LOGDT10005,"ORDAUDIO","ORDSYS.ORDAudio",Oracle Database,11g,N,N,N,
LogDes-4972B6D2-6F93-8AE5-6E24-3599E65A7CFE@LOGDT10005,"ORDAUDIO","ORDSYS.ORDAudio",Oracle Database,10g,N,N,N,
LogDes-4972B6D2-6F93-8AE5-6E24-3599E65A7CFE@LOGDT10005,"ORDAUDIO","ORDSYS.ORDAudio",Oracle,9i,N,N,N,
LogDes-4972B6D2-6F93-8AE5-6E24-3599E65A7CFE@LOGDT10005,"ORDAUDIO","UNKNOWN",SQL Server,2012,N,N,N,
LogDes-4972B6D2-6F93-8AE5-6E24-3599E65A7CFE@LOGDT10005,"ORDAUDIO","UNKNOWN",SQL Server,2008,N,N,N,
LogDes-4972B6D2-6F93-8AE5-6E24-3599E65A7CFE@LOGDT10005,"ORDAUDIO","UNKNOWN",SQL Server,2005,N,N,N,
LogDes-4972B6D2-6F93-8AE5-6E24-3599E65A7CFE@LOGDT10005,"ORDAUDIO","UNKNOWN",SQL Server,2000,N,N,N,
LogDes-4972B6D2-6F93-8AE5-6E24-3599E65A7CFE@LOGDT10005,"ORDAUDIO","UNKNOWN",DB2/390,8,N,N,N,
LogDes-4972B6D2-6F93-8AE5-6E24-3599E65A7CFE@LOGDT10005,"ORDAUDIO","UNKNOWN",DB2/390,7,N,N,N,
LogDes-4972B6D2-6F93-8AE5-6E24-3599E65A7CFE@LOGDT10005,"ORDAUDIO","UNKNOWN",DB2/UDB,9,N,N,N,
LogDes-4972B6D2-6F93-8AE5-6E24-3599E65A7CFE@LOGDT10005,"ORDAUDIO","UNKNOWN",DB2/UDB,8.1,N,N,N,
LogDes-4972B6D2-6F93-8AE5-6E24-3599E65A7CFE@LOGDT10005,"ORDAUDIO","UNKNOWN",DB2/UDB,7.1,N,N,N,
LogDes-4972B6D2-6F93-8AE5-6E24-3599E65A7CFE@LOGDT10009,"ORDDOC","ORDSYS.ORDDoc",Oracle Database,21c,N,N,N,
LogDes-4972B6D2-6F93-8AE5-6E24-3599E65A7CFE@LOGDT10009,"ORDDOC","ORDSYS.ORDDoc",Oracle Database,12cR2,N,N,N,
LogDes-4972B6D2-6F93-8AE5-6E24-3599E65A7CFE@LOGDT10009,"ORDDOC","ORDSYS.ORDDoc",Oracle Database,12c,N,N,N,
LogDes-4972B6D2-6F93-8AE5-6E24-3599E65A7CFE@LOGDT10009,"ORDDOC","ORDSYS.ORDDoc",Oracle Database,11g,N,N,N,
LogDes-4972B6D2-6F93-8AE5-6E24-3599E65A7CFE@LOGDT10009,"ORDDOC","ORDSYS.ORDDoc",Oracle Database,10g,N,N,N,
LogDes-4972B6D2-6F93-8AE5-6E24-3599E65A7CFE@LOGDT10009,"ORDDOC","ORDSYS.ORDDoc",Oracle,9i,N,N,N,
LogDes-4972B6D2-6F93-8AE5-6E24-3599E65A7CFE@LOGDT10009,"ORDDOC","UNKNOWN",SQL Server,2012,N,N,N,
LogDes-4972B6D2-6F93-8AE5-6E24-3599E65A7CFE@LOGDT10009,"ORDDOC","UNKNOWN",SQL Server,2008,N,N,N,
LogDes-4972B6D2-6F93-8AE5-6E24-3599E65A7CFE@LOGDT10009,"ORDDOC","UNKNOWN",SQL Server,2005,N,N,N,
LogDes-4972B6D2-6F93-8AE5-6E24-3599E65A7CFE@LOGDT10009,"ORDDOC","UNKNOWN",SQL Server,2000,N,N,N,
LogDes-4972B6D2-6F93-8AE5-6E24-3599E65A7CFE@LOGDT10009,"ORDDOC","UNKNOWN",DB2/390,8,N,N,N,
LogDes-4972B6D2-6F93-8AE5-6E24-3599E65A7CFE@LOGDT10009,"ORDDOC","UNKNOWN",DB2/390,7,N,N,N,
LogDes-4972B6D2-6F93-8AE5-6E24-3599E65A7CFE@LOGDT10009,"ORDDOC","UNKNOWN",DB2/UDB,9,N,N,N,
LogDes-4972B6D2-6F93-8AE5-6E24-3599E65A7CFE@LOGDT10009,"ORDDOC","UNKNOWN",DB2/UDB,8.1,N,N,N,
LogDes-4972B6D2-6F93-8AE5-6E24-3599E65A7CFE@LOGDT10009,"ORDDOC","UNKNOWN",DB2/UDB,7.1,N,N,N,
LogDes-4972B6D2-6F93-8AE5-6E24-3599E65A7CFE@LOGDT10006,"ORDIMAGE","ORDSYS.ORDImage",Oracle Database,21c,N,N,N,
LogDes-4972B6D2-6F93-8AE5-6E24-3599E65A7CFE@LOGDT10006,"ORDIMAGE","ORDSYS.ORDImage",Oracle Database,12cR2,N,N,N,
LogDes-4972B6D2-6F93-8AE5-6E24-3599E65A7CFE@LOGDT10006,"ORDIMAGE","ORDSYS.ORDImage",Oracle Database,12c,N,N,N,
LogDes-4972B6D2-6F93-8AE5-6E24-3599E65A7CFE@LOGDT10006,"ORDIMAGE","ORDSYS.ORDImage",Oracle Database,11g,N,N,N,
LogDes-4972B6D2-6F93-8AE5-6E24-3599E65A7CFE@LOGDT10006,"ORDIMAGE","ORDSYS.ORDImage",Oracle Database,10g,N,N,N,
LogDes-4972B6D2-6F93-8AE5-6E24-3599E65A7CFE@LOGDT10006,"ORDIMAGE","ORDSYS.ORDImage",Oracle,9i,N,N,N,
LogDes-4972B6D2-6F93-8AE5-6E24-3599E65A7CFE@LOGDT10006,"ORDIMAGE","UNKNOWN",SQL Server,2012,N,N,N,
LogDes-4972B6D2-6F93-8AE5-6E24-3599E65A7CFE@LOGDT10006,"ORDIMAGE","UNKNOWN",SQL Server,2008,N,N,N,
LogDes-4972B6D2-6F93-8AE5-6E24-3599E65A7CFE@LOGDT10006,"ORDIMAGE","UNKNOWN",SQL Server,2005,N,N,N,
LogDes-4972B6D2-6F93-8AE5-6E24-3599E65A7CFE@LOGDT10006,"ORDIMAGE","UNKNOWN",SQL Server,2000,N,N,N,
LogDes-4972B6D2-6F93-8AE5-6E24-3599E65A7CFE@LOGDT10006,"ORDIMAGE","UNKNOWN",DB2/390,8,N,N,N,
LogDes-4972B6D2-6F93-8AE5-6E24-3599E65A7CFE@LOGDT10006,"ORDIMAGE","UNKNOWN",DB2/390,7,N,N,N,
LogDes-4972B6D2-6F93-8AE5-6E24-3599E65A7CFE@LOGDT10006,"ORDIMAGE","UNKNOWN",DB2/UDB,9,N,N,N,
LogDes-4972B6D2-6F93-8AE5-6E24-3599E65A7CFE@LOGDT10006,"ORDIMAGE","UNKNOWN",DB2/UDB,8.1,N,N,N,
LogDes-4972B6D2-6F93-8AE5-6E24-3599E65A7CFE@LOGDT10006,"ORDIMAGE","UNKNOWN",DB2/UDB,7.1,N,N,N,
LogDes-4972B6D2-6F93-8AE5-6E24-3599E65A7CFE@LOGDT10007,"ORDIMAGE_SIGNATURE","ORDSYS.ORDImageSignature",Oracle Database,21c,N,N,N,
LogDes-4972B6D2-6F93-8AE5-6E24-3599E65A7CFE@LOGDT10007,"ORDIMAGE_SIGNATURE","ORDSYS.ORDImageSignature",Oracle Database,12cR2,N,N,N,
LogDes-4972B6D2-6F93-8AE5-6E24-3599E65A7CFE@LOGDT10007,"ORDIMAGE_SIGNATURE","ORDSYS.ORDImageSignature",Oracle Database,12c,N,N,N,
LogDes-4972B6D2-6F93-8AE5-6E24-3599E65A7CFE@LOGDT10007,"ORDIMAGE_SIGNATURE","ORDSYS.ORDImageSignature",Oracle Database,11g,N,N,N,
LogDes-4972B6D2-6F93-8AE5-6E24-3599E65A7CFE@LOGDT10007,"ORDIMAGE_SIGNATURE","ORDSYS.ORDImageSignature",Oracle Database,10g,N,N,N,
LogDes-4972B6D2-6F93-8AE5-6E24-3599E65A7CFE@LOGDT10007,"ORDIMAGE_SIGNATURE","ORDSYS.ORDImageSignature",Oracle,9i,N,N,N,
LogDes-4972B6D2-6F93-8AE5-6E24-3599E65A7CFE@LOGDT10007,"ORDIMAGE_SIGNATURE","UNKNOWN",SQL Server,2012,N,N,N,
LogDes-4972B6D2-6F93-8AE5-6E24-3599E65A7CFE@LOGDT10007,"ORDIMAGE_SIGNATURE","UNKNOWN",SQL Server,2008,N,N,N,
LogDes-4972B6D2-6F93-8AE5-6E24-3599E65A7CFE@LOGDT10007,"ORDIMAGE_SIGNATURE","UNKNOWN",SQL Server,2005,N,N,N,
LogDes-4972B6D2-6F93-8AE5-6E24-3599E65A7CFE@LOGDT10007,"ORDIMAGE_SIGNATURE","UNKNOWN",SQL Server,2000,N,N,N,
LogDes-4972B6D2-6F93-8AE5-6E24-3599E65A7CFE@LOGDT10007,"ORDIMAGE_SIGNATURE","UNKNOWN",DB2/390,8,N,N,N,
LogDes-4972B6D2-6F93-8AE5-6E24-3599E65A7CFE@LOGDT10007,"ORDIMAGE_SIGNATURE","UNKNOWN",DB2/390,7,N,N,N,
LogDes-4972B6D2-6F93-8AE5-6E24-3599E65A7CFE@LOGDT10007,"ORDIMAGE_SIGNATURE","UNKNOWN",DB2/UDB,9,N,N,N,
LogDes-4972B6D2-6F93-8AE5-6E24-3599E65A7CFE@LOGDT10007,"ORDIMAGE_SIGNATURE","UNKNOWN",DB2/UDB,8.1,N,N,N,
LogDes-4972B6D2-6F93-8AE5-6E24-3599E65A7CFE@LOGDT10007,"ORDIMAGE_SIGNATURE","UNKNOWN",DB2/UDB,7.1,N,N,N,
LogDes-4972B6D2-6F93-8AE5-6E24-3599E65A7CFE@LOGDT10008,"ORDVIDEO","ORDSYS.ORDVideo",Oracle Database,21c,N,N,N,
LogDes-4972B6D2-6F93-8AE5-6E24-3599E65A7CFE@LOGDT10008,"ORDVIDEO","ORDSYS.ORDVideo",Oracle Database,12cR2,N,N,N,
LogDes-4972B6D2-6F93-8AE5-6E24-3599E65A7CFE@LOGDT10008,"ORDVIDEO","ORDSYS.ORDVideo",Oracle Database,12c,N,N,N,
LogDes-4972B6D2-6F93-8AE5-6E24-3599E65A7CFE@LOGDT10008,"ORDVIDEO","ORDSYS.ORDVideo",Oracle Database,11g,N,N,N,
LogDes-4972B6D2-6F93-8AE5-6E24-3599E65A7CFE@LOGDT10008,"ORDVIDEO","ORDSYS.ORDVideo",Oracle Database,10g,N,N,N,
LogDes-4972B6D2-6F93-8AE5-6E24-3599E65A7CFE@LOGDT10008,"ORDVIDEO","ORDSYS.ORDVideo",Oracle,9i,N,N,N,
LogDes-4972B6D2-6F93-8AE5-6E24-3599E65A7CFE@LOGDT10008,"ORDVIDEO","UNKNOWN",SQL Server,2012,N,N,N,
LogDes-4972B6D2-6F93-8AE5-6E24-3599E65A7CFE@LOGDT10008,"ORDVIDEO","UNKNOWN",SQL Server,2008,N,N,N,
LogDes-4972B6D2-6F93-8AE5-6E24-3599E65A7CFE@LOGDT10008,"ORDVIDEO","UNKNOWN",SQL Server,2005,N,N,N,
LogDes-4972B6D2-6F93-8AE5-6E24-3599E65A7CFE@LOGDT10008,"ORDVIDEO","UNKNOWN",SQL Server,2000,N,N,N,
LogDes-4972B6D2-6F93-8AE5-6E24-3599E65A7CFE@LOGDT10008,"ORDVIDEO","UNKNOWN",DB2/390,8,N,N,N,
LogDes-4972B6D2-6F93-8AE5-6E24-3599E65A7CFE@LOGDT10008,"ORDVIDEO","UNKNOWN",DB2/390,7,N,N,N,
LogDes-4972B6D2-6F93-8AE5-6E24-3599E65A7CFE@LOGDT10008,"ORDVIDEO","UNKNOWN",DB2/UDB,9,N,N,N,
LogDes-4972B6D2-6F93-8AE5-6E24-3599E65A7CFE@LOGDT10008,"ORDVIDEO","UNKNOWN",DB2/UDB,8.1,N,N,N,
LogDes-4972B6D2-6F93-8AE5-6E24-3599E65A7CFE@LOGDT10008,"ORDVIDEO","UNKNOWN",DB2/UDB,7.1,N,N,N,
LOGDT022,"REAL","REAL",Oracle Database,21c,N,N,N,
LOGDT022,"REAL","REAL",Oracle Database,12cR2,N,N,N,
LOGDT022,"REAL","REAL",Oracle Database,12c,N,N,N,
LOGDT022,"REAL","REAL",Oracle Database,11g,N,N,N,
LOGDT022,"REAL","REAL",Oracle Database,10g,N,N,N,
LOGDT022,"REAL","REAL",Oracle,9i,N,N,N,
LOGDT022,"REAL","REAL",SQL Server,2012,N,N,N,
LOGDT022,"REAL","REAL",SQL Server,2008,N,N,N,
LOGDT022,"REAL","REAL",SQL Server,2005,N,N,N,
LOGDT022,"REAL","REAL",SQL Server,2000,N,N,N,
LOGDT022,"REAL","REAL",DB2/390,8,N,N,N,
LOGDT022,"REAL","REAL",DB2/390,7,N,N,N,
LOGDT022,"REAL","REAL",DB2/UDB,9,N,N,N,
LOGDT022,"REAL","REAL",DB2/UDB,8.1,N,N,N,
LOGDT022,"REAL","REAL",DB2/UDB,7.1,N,N,N,
LOGDT032,"ROWID","ROWID",Oracle Database,21c,N,N,N,
LOGDT032,"ROWID","ROWID",Oracle Database,12cR2,N,N,N,
LOGDT032,"ROWID","ROWID",Oracle Database,12c,N,N,N,
LOGDT032,"ROWID","ROWID",Oracle Database,11g,N,N,N,
LOGDT032,"ROWID","ROWID",Oracle Database,10g,N,N,N,
LOGDT032,"ROWID","ROWID",Oracle,9i,N,N,N,
LOGDT032,"ROWID","CHAR",SQL Server,2012,N,N,N,
LOGDT032,"ROWID","CHAR",SQL Server,2008,N,N,N,
LOGDT032,"ROWID","CHAR",SQL Server,2005,N,N,N,
LOGDT032,"ROWID","CHAR",SQL Server,2000,N,N,N,
LOGDT032,"ROWID","ROWID",DB2/390,8,N,N,N,
LOGDT032,"ROWID","ROWID",DB2/390,7,N,N,N,
LOGDT032,"ROWID","CHAR",DB2/UDB,9,N,N,N,
LOGDT032,"ROWID","CHAR",DB2/UDB,8.1,N,N,N,
LOGDT032,"ROWID","CHAR",DB2/UDB,7.1,N,N,N,
LogDes-4BABEC65-108B-2A3C-F7C4-84AC47D292B0@LOGDT10040,"Raw","RAW",Oracle Database,21c,N,N,N,
LogDes-4BABEC65-108B-2A3C-F7C4-84AC47D292B0@LOGDT10040,"Raw","RAW",Oracle Database,12cR2,N,N,N,
LogDes-4BABEC65-108B-2A3C-F7C4-84AC47D292B0@LOGDT10040,"Raw","RAW",Oracle Database,12c,N,N,N,
LogDes-4BABEC65-108B-2A3C-F7C4-84AC47D292B0@LOGDT10040,"Raw","RAW",Oracle Database,11g,N,N,N,
LogDes-4BABEC65-108B-2A3C-F7C4-84AC47D292B0@LOGDT10040,"Raw","RAW",Oracle Database,10g,N,N,N,
LogDes-4BABEC65-108B-2A3C-F7C4-84AC47D292B0@LOGDT10040,"Raw","RAW",Oracle,9i,N,N,N,
LogDes-4BABEC65-108B-2A3C-F7C4-84AC47D292B0@LOGDT10040,"Raw","VARBINARY",SQL Server,2012,N,N,N,
LogDes-4BABEC65-108B-2A3C-F7C4-84AC47D292B0@LOGDT10040,"Raw","VARBINARY",SQL Server,2008,N,N,N,
LogDes-4BABEC65-108B-2A3C-F7C4-84AC47D292B0@LOGDT10040,"Raw","VARBINARY",SQL Server,2005,N,N,N,
LogDes-4BABEC65-108B-2A3C-F7C4-84AC47D292B0@LOGDT10040,"Raw","VARBINARY",SQL Server,2000,N,N,N,
LogDes-4BABEC65-108B-2A3C-F7C4-84AC47D292B0@LOGDT10040,"Raw","VARGRAPHIC",DB2/390,8,N,N,N,
LogDes-4BABEC65-108B-2A3C-F7C4-84AC47D292B0@LOGDT10040,"Raw","VARGRAPHIC",DB2/390,7,N,N,N,
LogDes-4BABEC65-108B-2A3C-F7C4-84AC47D292B0@LOGDT10040,"Raw","VARGRAPHIC",DB2/UDB,9,N,N,N,
LogDes-4BABEC65-108B-2A3C-F7C4-84AC47D292B0@LOGDT10040,"Raw","VARGRAPHIC",DB2/UDB,8.1,N,N,N,
LogDes-4BABEC65-108B-2A3C-F7C4-84AC47D292B0@LOGDT10040,"Raw","VARGRAPHIC",DB2/UDB,7.1,N,N,N,
LOGDT038,"SMALLDATETIME","DATE",Oracle Database,21c,N,N,N,
LOGDT038,"SMALLDATETIME","DATE",Oracle Database,12cR2,N,N,N,
LOGDT038,"SMALLDATETIME","DATE",Oracle Database,12c,N,N,N,
LOGDT038,"SMALLDATETIME","DATE",Oracle Database,11g,N,N,N,
LOGDT038,"SMALLDATETIME","DATE",Oracle Database,10g,N,N,N,
LOGDT038,"SMALLDATETIME","DATE",Oracle,9i,N,N,N,
LOGDT038,"SMALLDATETIME","SMALLDATETIME",SQL Server,2012,N,N,N,
LOGDT038,"SMALLDATETIME","SMALLDATETIME",SQL Server,2008,N,N,N,
LOGDT038,"SMALLDATETIME","SMALLDATETIME",SQL Server,2005,N,N,N,
LOGDT038,"SMALLDATETIME","SMALLDATETIME",SQL Server,2000,N,N,N,
LOGDT038,"SMALLDATETIME","TIMESTAMP",DB2/390,8,N,N,N,
LOGDT038,"SMALLDATETIME","TIMESTAMP",DB2/390,7,N,N,N,
LOGDT038,"SMALLDATETIME","TIMESTAMP",DB2/UDB,9,N,N,N,
LOGDT038,"SMALLDATETIME","TIMESTAMP",DB2/UDB,8.1,N,N,N,
LOGDT038,"SMALLDATETIME","TIMESTAMP",DB2/UDB,7.1,N,N,N,
LOGDT018,"SMALLINT","SMALLINT",Oracle Database,21c,N,N,N,
LOGDT018,"SMALLINT","SMALLINT",Oracle Database,12cR2,N,N,N,
LOGDT018,"SMALLINT","SMALLINT",Oracle Database,12c,N,N,N,
LOGDT018,"SMALLINT","SMALLINT",Oracle Database,11g,N,N,N,
LOGDT018,"SMALLINT","SMALLINT",Oracle Database,10g,N,N,N,
LOGDT018,"SMALLINT","SMALLINT",Oracle,9i,N,N,N,
LOGDT018,"SMALLINT","SMALLINT",SQL Server,2012,N,N,N,
LOGDT018,"SMALLINT","SMALLINT",SQL Server,2008,N,N,N,
LOGDT018,"SMALLINT","SMALLINT",SQL Server,2005,N,N,N,
LOGDT018,"SMALLINT","SMALLINT",SQL Server,2000,N,N,N,
LOGDT018,"SMALLINT","SMALLINT",DB2/390,8,N,N,N,
LOGDT018,"SMALLINT","SMALLINT",DB2/390,7,N,N,N,
LOGDT018,"SMALLINT","SMALLINT",DB2/UDB,9,N,N,N,
LOGDT018,"SMALLINT","SMALLINT",DB2/UDB,8.1,N,N,N,
LOGDT018,"SMALLINT","SMALLINT",DB2/UDB,7.1,N,N,N,
LOGDT044,"SMALLMONEY","NUMBER",Oracle Database,21c,N,N,N,
LOGDT044,"SMALLMONEY","NUMBER",Oracle Database,12cR2,N,N,N,
LOGDT044,"SMALLMONEY","NUMBER",Oracle Database,12c,N,N,N,
LOGDT044,"SMALLMONEY","NUMBER",Oracle Database,11g,N,N,N,
LOGDT044,"SMALLMONEY","NUMBER",Oracle Database,10g,N,N,N,
LOGDT044,"SMALLMONEY","NUMBER",Oracle,9i,N,N,N,
LOGDT044,"SMALLMONEY","SMALLMONEY",SQL Server,2012,N,N,N,
LOGDT044,"SMALLMONEY","SMALLMONEY",SQL Server,2008,N,N,N,
LOGDT044,"SMALLMONEY","SMALLMONEY",SQL Server,2005,N,N,N,
LOGDT044,"SMALLMONEY","SMALLMONEY",SQL Server,2000,N,N,N,
LOGDT044,"SMALLMONEY","REAL",DB2/390,8,N,N,N,
LOGDT044,"SMALLMONEY","REAL",DB2/390,7,N,N,N,
LOGDT044,"SMALLMONEY","REAL",DB2/UDB,9,N,N,N,
LOGDT044,"SMALLMONEY","REAL",DB2/UDB,8.1,N,N,N,
LOGDT044,"SMALLMONEY","REAL",DB2/UDB,7.1,N,N,N,
LOGDT045,"SQL_VARIANT","SYS.ANYDATA",Oracle Database,21c,N,N,N,
LOGDT045,"SQL_VARIANT","SYS.ANYDATA",Oracle Database,12cR2,N,N,N,
LOGDT045,"SQL_VARIANT","SYS.ANYDATA",Oracle Database,12c,N,N,N,
LOGDT045,"SQL_VARIANT","SYS.ANYDATA",Oracle Database,11g,N,N,N,
LOGDT045,"SQL_VARIANT","SYS.ANYDATA",Oracle Database,10g,N,N,N,
LOGDT045,"SQL_VARIANT","SYS.ANYDATA",Oracle,9i,N,N,N,
LOGDT045,"SQL_VARIANT","SQL_VARIANT",SQL Server,2012,N,N,N,
LOGDT045,"SQL_VARIANT","SQL_VARIANT",SQL Server,2008,N,N,N,
LOGDT045,"SQL_VARIANT","SQL_VARIANT",SQL Server,2005,N,N,N,
LOGDT045,"SQL_VARIANT","SQL_VARIANT",SQL Server,2000,N,N,N,
LOGDT045,"SQL_VARIANT","UNKNOWN",DB2/390,8,N,N,N,
LOGDT045,"SQL_VARIANT","UNKNOWN",DB2/390,7,N,N,N,
LOGDT045,"SQL_VARIANT","UNKNOWN",DB2/UDB,9,N,N,N,
LOGDT045,"SQL_VARIANT","UNKNOWN",DB2/UDB,8.1,N,N,N,
LOGDT045,"SQL_VARIANT","UNKNOWN",DB2/UDB,7.1,N,N,N,
LOGDT039,"SYSNAME","VARCHAR2",Oracle Database,21c,N,N,N,
LOGDT039,"SYSNAME","VARCHAR2",Oracle Database,12cR2,N,N,N,
LOGDT039,"SYSNAME","VARCHAR2",Oracle Database,12c,N,N,N,
LOGDT039,"SYSNAME","VARCHAR2",Oracle Database,11g,N,N,N,
LOGDT039,"SYSNAME","VARCHAR2",Oracle Database,10g,N,N,N,
LOGDT039,"SYSNAME","VARCHAR2",Oracle,9i,N,N,N,
LOGDT039,"SYSNAME","sysname",SQL Server,2012,N,N,N,
LOGDT039,"SYSNAME","sysname",SQL Server,2008,N,N,N,
LOGDT039,"SYSNAME","sysname",SQL Server,2005,N,N,N,
LOGDT039,"SYSNAME","sysname",SQL Server,2000,N,N,N,
LOGDT039,"SYSNAME","VARCHAR",DB2/390,8,N,N,N,
LOGDT039,"SYSNAME","VARCHAR",DB2/390,7,N,N,N,
LOGDT039,"SYSNAME","VARCHAR",DB2/UDB,9,N,N,N,
LOGDT039,"SYSNAME","VARCHAR",DB2/UDB,8.1,N,N,N,
LOGDT039,"SYSNAME","VARCHAR",DB2/UDB,7.1,N,N,N,
LogDes-F046B719-7D91-3873-3302-38C441683842@LOGDT10010,"SYS_ANYDATA","SYS.ANYDATA",Oracle Database,21c,N,N,N,
LogDes-F046B719-7D91-3873-3302-38C441683842@LOGDT10010,"SYS_ANYDATA","SYS.ANYDATA",Oracle Database,12cR2,N,N,N,
LogDes-F046B719-7D91-3873-3302-38C441683842@LOGDT10010,"SYS_ANYDATA","SYS.ANYDATA",Oracle Database,12c,N,N,N,
LogDes-F046B719-7D91-3873-3302-38C441683842@LOGDT10010,"SYS_ANYDATA","SYS.ANYDATA",Oracle Database,11g,N,N,N,
LogDes-F046B719-7D91-3873-3302-38C441683842@LOGDT10010,"SYS_ANYDATA","SYS.ANYDATA",Oracle Database,10g,N,N,N,
LogDes-F046B719-7D91-3873-3302-38C441683842@LOGDT10010,"SYS_ANYDATA","SYS.ANYDATA",Oracle,9i,N,N,N,
LogDes-F046B719-7D91-3873-3302-38C441683842@LOGDT10010,"SYS_ANYDATA","SQL_VARIANT",SQL Server,2012,N,N,N,
LogDes-F046B719-7D91-3873-3302-38C441683842@LOGDT10010,"SYS_ANYDATA","SQL_VARIANT",SQL Server,2008,N,N,N,
LogDes-F046B719-7D91-3873-3302-38C441683842@LOGDT10010,"SYS_ANYDATA","SQL_VARIANT",SQL Server,2005,N,N,N,
LogDes-F046B719-7D91-3873-3302-38C441683842@LOGDT10010,"SYS_ANYDATA","SQL_VARIANT",SQL Server,2000,N,N,N,
LogDes-F046B719-7D91-3873-3302-38C441683842@LOGDT10010,"SYS_ANYDATA","UNKNOWN",DB2/390,8,N,N,N,
LogDes-F046B719-7D91-3873-3302-38C441683842@LOGDT10010,"SYS_ANYDATA","UNKNOWN",DB2/390,7,N,N,N,
LogDes-F046B719-7D91-3873-3302-38C441683842@LOGDT10010,"SYS_ANYDATA","UNKNOWN",DB2/UDB,9,N,N,N,
LogDes-F046B719-7D91-3873-3302-38C441683842@LOGDT10010,"SYS_ANYDATA","UNKNOWN",DB2/UDB,8.1,N,N,N,
LogDes-F046B719-7D91-3873-3302-38C441683842@LOGDT10010,"SYS_ANYDATA","UNKNOWN",DB2/UDB,7.1,N,N,N,
LogDes-22E251EB-9F6C-8137-56B2-DD4B87DC1E33@LOGDT10030,"SYS_ANYDATASET","SYS.ANYDATASET",Oracle Database,21c,N,N,N,
LogDes-22E251EB-9F6C-8137-56B2-DD4B87DC1E33@LOGDT10030,"SYS_ANYDATASET","SYS.ANYDATASET",Oracle Database,12cR2,N,N,N,
LogDes-22E251EB-9F6C-8137-56B2-DD4B87DC1E33@LOGDT10030,"SYS_ANYDATASET","SYS.ANYDATASET",Oracle Database,12c,N,N,N,
LogDes-22E251EB-9F6C-8137-56B2-DD4B87DC1E33@LOGDT10030,"SYS_ANYDATASET","SYS.ANYDATASET",Oracle Database,11g,N,N,N,
LogDes-22E251EB-9F6C-8137-56B2-DD4B87DC1E33@LOGDT10030,"SYS_ANYDATASET","SYS.ANYDATASET",Oracle Database,10g,N,N,N,
LogDes-22E251EB-9F6C-8137-56B2-DD4B87DC1E33@LOGDT10030,"SYS_ANYDATASET","SYS.ANYDATASET",Oracle,9i,N,N,N,
LogDes-22E251EB-9F6C-8137-56B2-DD4B87DC1E33@LOGDT10030,"SYS_ANYDATASET","UNKNOWN",SQL Server,2012,N,N,N,
LogDes-22E251EB-9F6C-8137-56B2-DD4B87DC1E33@LOGDT10030,"SYS_ANYDATASET","UNKNOWN",SQL Server,2008,N,N,N,
LogDes-22E251EB-9F6C-8137-56B2-DD4B87DC1E33@LOGDT10030,"SYS_ANYDATASET","UNKNOWN",SQL Server,2005,N,N,N,
LogDes-22E251EB-9F6C-8137-56B2-DD4B87DC1E33@LOGDT10030,"SYS_ANYDATASET","UNKNOWN",SQL Server,2000,N,N,N,
LogDes-22E251EB-9F6C-8137-56B2-DD4B87DC1E33@LOGDT10030,"SYS_ANYDATASET","UNKNOWN",DB2/390,8,N,N,N,
LogDes-22E251EB-9F6C-8137-56B2-DD4B87DC1E33@LOGDT10030,"SYS_ANYDATASET","UNKNOWN",DB2/390,7,N,N,N,
LogDes-22E251EB-9F6C-8137-56B2-DD4B87DC1E33@LOGDT10030,"SYS_ANYDATASET","UNKNOWN",DB2/UDB,9,N,N,N,
LogDes-22E251EB-9F6C-8137-56B2-DD4B87DC1E33@LOGDT10030,"SYS_ANYDATASET","UNKNOWN",DB2/UDB,8.1,N,N,N,
LogDes-22E251EB-9F6C-8137-56B2-DD4B87DC1E33@LOGDT10030,"SYS_ANYDATASET","UNKNOWN",DB2/UDB,7.1,N,N,N,
LogDes-F046B719-7D91-3873-3302-38C441683842@LOGDT10011,"SYS_ANYTYPE","SYS.ANYTYPE",Oracle Database,21c,N,N,N,
LogDes-F046B719-7D91-3873-3302-38C441683842@LOGDT10011,"SYS_ANYTYPE","SYS.ANYTYPE",Oracle Database,12cR2,N,N,N,
LogDes-F046B719-7D91-3873-3302-38C441683842@LOGDT10011,"SYS_ANYTYPE","SYS.ANYTYPE",Oracle Database,12c,N,N,N,
LogDes-F046B719-7D91-3873-3302-38C441683842@LOGDT10011,"SYS_ANYTYPE","SYS.ANYTYPE",Oracle Database,11g,N,N,N,
LogDes-F046B719-7D91-3873-3302-38C441683842@LOGDT10011,"SYS_ANYTYPE","SYS.ANYTYPE",Oracle Database,10g,N,N,N,
LogDes-F046B719-7D91-3873-3302-38C441683842@LOGDT10011,"SYS_ANYTYPE","SYS.ANYTYPE",Oracle,9i,N,N,N,
LogDes-F046B719-7D91-3873-3302-38C441683842@LOGDT10011,"SYS_ANYTYPE","UNKNOWN",SQL Server,2012,N,N,N,
LogDes-F046B719-7D91-3873-3302-38C441683842@LOGDT10011,"SYS_ANYTYPE","UNKNOWN",SQL Server,2008,N,N,N,
LogDes-F046B719-7D91-3873-3302-38C441683842@LOGDT10011,"SYS_ANYTYPE","UNKNOWN",SQL Server,2005,N,N,N,
LogDes-F046B719-7D91-3873-3302-38C441683842@LOGDT10011,"SYS_ANYTYPE","UNKNOWN",SQL Server,2000,N,N,N,
LogDes-F046B719-7D91-3873-3302-38C441683842@LOGDT10011,"SYS_ANYTYPE","UNKNOWN",DB2/390,8,N,N,N,
LogDes-F046B719-7D91-3873-3302-38C441683842@LOGDT10011,"SYS_ANYTYPE","UNKNOWN",DB2/390,7,N,N,N,
LogDes-F046B719-7D91-3873-3302-38C441683842@LOGDT10011,"SYS_ANYTYPE","UNKNOWN",DB2/UDB,9,N,N,N,
LogDes-F046B719-7D91-3873-3302-38C441683842@LOGDT10011,"SYS_ANYTYPE","UNKNOWN",DB2/UDB,8.1,N,N,N,
LogDes-F046B719-7D91-3873-3302-38C441683842@LOGDT10011,"SYS_ANYTYPE","UNKNOWN",DB2/UDB,7.1,N,N,N,
LOGDT040,"TEXT","CLOB",Oracle Database,21c,N,N,N,
LOGDT040,"TEXT","CLOB",Oracle Database,12cR2,N,N,N,
LOGDT040,"TEXT","CLOB",Oracle Database,12c,N,N,N,
LOGDT040,"TEXT","CLOB",Oracle Database,11g,N,N,N,
LOGDT040,"TEXT","CLOB",Oracle Database,10g,N,N,N,
LOGDT040,"TEXT","CLOB",Oracle,9i,N,N,N,
LOGDT040,"TEXT","TEXT",SQL Server,2012,N,N,N,
LOGDT040,"TEXT","TEXT",SQL Server,2008,N,N,N,
LOGDT040,"TEXT","TEXT",SQL Server,2005,N,N,N,
LOGDT040,"TEXT","TEXT",SQL Server,2000,N,N,N,
LOGDT040,"TEXT","VARCHAR",DB2/390,8,N,N,N,
LOGDT040,"TEXT","VARCHAR",DB2/390,7,N,N,N,
LOGDT040,"TEXT","VARCHAR",DB2/UDB,9,N,N,N,
LOGDT040,"TEXT","VARCHAR",DB2/UDB,8.1,N,N,N,
LOGDT040,"TEXT","VARCHAR",DB2/UDB,7.1,N,N,N,
LOGDT047,"TIMESTAMP WITH LOCAL TIME ZONE","TIMESTAMP WITH LOCAL TIME ZONE",Oracle Database,21c,N,Y,N,
LOGDT047,"TIMESTAMP WITH LOCAL TIME ZONE","TIMESTAMP WITH LOCAL TIME ZONE",Oracle Database,12cR2,N,Y,N,
LOGDT047,"TIMESTAMP WITH LOCAL TIME ZONE","TIMESTAMP WITH LOCAL TIME ZONE",Oracle Database,12c,N,Y,N,
LOGDT047,"TIMESTAMP WITH LOCAL TIME ZONE","TIMESTAMP WITH LOCAL TIME ZONE",Oracle Database,11g,N,Y,N,
LOGDT047,"TIMESTAMP WITH LOCAL TIME ZONE","TIMESTAMP WITH LOCAL TIME ZONE",Oracle Database,10g,N,Y,N,
LOGDT047,"TIMESTAMP WITH LOCAL TIME ZONE","TIMESTAMP WITH LOCAL TIME ZONE",Oracle,9i,N,Y,N,
LOGDT047,"TIMESTAMP WITH LOCAL TIME ZONE","DATETIME",SQL Server,2012,N,N,N,
LOGDT047,"TIMESTAMP WITH LOCAL TIME ZONE","DATETIME",SQL Server,2008,N,N,N,
LOGDT047,"TIMESTAMP WITH LOCAL TIME ZONE","DATETIME",SQL Server,2005,N,N,N,
LOGDT047,"TIMESTAMP WITH LOCAL TIME ZONE","DATETIME",SQL Server,2000,N,N,N,
LOGDT047,"TIMESTAMP WITH LOCAL TIME ZONE","TIMESTAMP",DB2/390,8,N,N,N,
LOGDT047,"TIMESTAMP WITH LOCAL TIME ZONE","TIMESTAMP",DB2/390,7,N,N,N,
LOGDT047,"TIMESTAMP WITH LOCAL TIME ZONE","TIMESTAMP",DB2/UDB,9,N,N,N,
LOGDT047,"TIMESTAMP WITH LOCAL TIME ZONE","TIMESTAMP",DB2/UDB,8.1,N,N,N,
LOGDT047,"TIMESTAMP WITH LOCAL TIME ZONE","TIMESTAMP",DB2/UDB,7.1,N,N,N,
LOGDT046,"TIMESTAMP WITH TIME ZONE","TIMESTAMP WITH TIME ZONE",Oracle Database,21c,N,Y,N,
LOGDT046,"TIMESTAMP WITH TIME ZONE","TIMESTAMP WITH TIME ZONE",Oracle Database,12cR2,N,Y,N,
LOGDT046,"TIMESTAMP WITH TIME ZONE","TIMESTAMP WITH TIME ZONE",Oracle Database,12c,N,Y,N,
LOGDT046,"TIMESTAMP WITH TIME ZONE","TIMESTAMP WITH TIME ZONE",Oracle Database,11g,N,Y,N,
LOGDT046,"TIMESTAMP WITH TIME ZONE","TIMESTAMP WITH TIME ZONE",Oracle Database,10g,N,Y,N,
LOGDT046,"TIMESTAMP WITH TIME ZONE","TIMESTAMP WITH TIME ZONE",Oracle,9i,N,Y,N,
LOGDT046,"TIMESTAMP WITH TIME ZONE","DATETIME",SQL Server,2012,N,N,N,
LOGDT046,"TIMESTAMP WITH TIME ZONE","DATETIME",SQL Server,2008,N,N,N,
LOGDT046,"TIMESTAMP WITH TIME ZONE","DATETIME",SQL Server,2005,N,N,N,
LOGDT046,"TIMESTAMP WITH TIME ZONE","DATETIME",SQL Server,2000,N,N,N,
LOGDT046,"TIMESTAMP WITH TIME ZONE","TIMESTAMP",DB2/390,8,N,N,N,
LOGDT046,"TIMESTAMP WITH TIME ZONE","TIMESTAMP",DB2/390,7,N,N,N,
LOGDT046,"TIMESTAMP WITH TIME ZONE","TIMESTAMP",DB2/UDB,9,N,N,N,
LOGDT046,"TIMESTAMP WITH TIME ZONE","TIMESTAMP",DB2/UDB,8.1,N,N,N,
LOGDT046,"TIMESTAMP WITH TIME ZONE","TIMESTAMP",DB2/UDB,7.1,N,N,N,
LOGDT042,"TINYINT","SMALLINT",Oracle Database,21c,N,N,N,
LOGDT042,"TINYINT","SMALLINT",Oracle Database,12cR2,N,N,N,
LOGDT042,"TINYINT","SMALLINT",Oracle Database,12c,N,N,N,
LOGDT042,"TINYINT","SMALLINT",Oracle Database,11g,N,N,N,
LOGDT042,"TINYINT","SMALLINT",Oracle Database,10g,N,N,N,
LOGDT042,"TINYINT","SMALLINT",Oracle,9i,N,N,N,
LOGDT042,"TINYINT","TINYINT",SQL Server,2012,N,N,N,
LOGDT042,"TINYINT","TINYINT",SQL Server,2008,N,N,N,
LOGDT042,"TINYINT","TINYINT",SQL Server,2005,N,N,N,
LOGDT042,"TINYINT","TINYINT",SQL Server,2000,N,N,N,
LOGDT042,"TINYINT","SMALLINT",DB2/390,8,N,N,N,
LOGDT042,"TINYINT","SMALLINT",DB2/390,7,N,N,N,
LOGDT042,"TINYINT","SMALLINT",DB2/UDB,9,N,N,N,
LOGDT042,"TINYINT","SMALLINT",DB2/UDB,8.1,N,N,N,
LOGDT042,"TINYINT","SMALLINT",DB2/UDB,7.1,N,N,N,
LOGDT014,"Time","DATE",Oracle Database,21c,N,N,N,
LOGDT014,"Time","DATE",Oracle Database,12cR2,N,N,N,
LOGDT014,"Time","DATE",Oracle Database,12c,N,N,N,
LOGDT014,"Time","DATE",Oracle Database,11g,N,N,N,
LOGDT014,"Time","DATE",Oracle Database,10g,N,N,N,
LOGDT014,"Time","DATE",Oracle,9i,N,N,N,
LOGDT014,"Time","TIME",SQL Server,2012,N,N,N,
LOGDT014,"Time","TIME",SQL Server,2008,N,N,N,
LOGDT014,"Time","DATETIME",SQL Server,2005,N,N,N,
LOGDT014,"Time","DATETIME",SQL Server,2000,N,N,N,
LOGDT014,"Time","TIME",DB2/390,8,N,N,N,
LOGDT014,"Time","TIME",DB2/390,7,N,N,N,
LOGDT014,"Time","TIME",DB2/UDB,9,N,N,N,
LOGDT014,"Time","TIME",DB2/UDB,8.1,N,N,N,
LOGDT014,"Time","TIME",DB2/UDB,7.1,N,N,N,
LOGDT015,"Timestamp","TIMESTAMP",Oracle Database,21c,N,Y,N,
LOGDT015,"Timestamp","TIMESTAMP",Oracle Database,12cR2,N,Y,N,
LOGDT015,"Timestamp","TIMESTAMP",Oracle Database,12c,N,Y,N,
LOGDT015,"Timestamp","TIMESTAMP",Oracle Database,11g,N,Y,N,
LOGDT015,"Timestamp","TIMESTAMP",Oracle Database,10g,N,Y,N,
LOGDT015,"Timestamp","TIMESTAMP",Oracle,9i,N,Y,N,
LOGDT015,"Timestamp","DATETIME",SQL Server,2012,N,N,N,
LOGDT015,"Timestamp","DATETIME",SQL Server,2008,N,N,N,
LOGDT015,"Timestamp","DATETIME",SQL Server,2005,N,N,N,
LOGDT015,"Timestamp","DATETIME",SQL Server,2000,N,N,N,
LOGDT015,"Timestamp","TIMESTAMP",DB2/390,8,N,N,N,
LOGDT015,"Timestamp","TIMESTAMP",DB2/390,7,N,N,N,
LOGDT015,"Timestamp","TIMESTAMP",DB2/UDB,9,N,N,N,
LOGDT015,"Timestamp","TIMESTAMP",DB2/UDB,8.1,N,N,N,
LOGDT015,"Timestamp","TIMESTAMP",DB2/UDB,7.1,N,N,N,
LOGDT057,"UNIQUEIDENTIFIER","CHAR",Oracle Database,21c,N,N,N,
LOGDT057,"UNIQUEIDENTIFIER","CHAR",Oracle Database,12cR2,N,N,N,
LOGDT057,"UNIQUEIDENTIFIER","CHAR",Oracle Database,12c,N,N,N,
LOGDT057,"UNIQUEIDENTIFIER","CHAR",Oracle Database,11g,N,N,N,
LOGDT057,"UNIQUEIDENTIFIER","CHAR",Oracle Database,10g,N,N,N,
LOGDT057,"UNIQUEIDENTIFIER","CHAR",Oracle,9i,N,N,N,
LOGDT057,"UNIQUEIDENTIFIER","UNIQUEIDENTIFIER",SQL Server,2012,N,N,N,
LOGDT057,"UNIQUEIDENTIFIER","UNIQUEIDENTIFIER",SQL Server,2008,N,N,N,
LOGDT057,"UNIQUEIDENTIFIER","UNIQUEIDENTIFIER",SQL Server,2005,N,N,N,
LOGDT057,"UNIQUEIDENTIFIER","UNIQUEIDENTIFIER",SQL Server,2000,N,N,N,
LOGDT057,"UNIQUEIDENTIFIER","CHAR",DB2/390,8,N,N,N,
LOGDT057,"UNIQUEIDENTIFIER","CHAR",DB2/390,7,N,N,N,
LOGDT057,"UNIQUEIDENTIFIER","CHAR",DB2/UDB,9,N,N,N,
LOGDT057,"UNIQUEIDENTIFIER","CHAR",DB2/UDB,8.1,N,N,N,
LOGDT057,"UNIQUEIDENTIFIER","CHAR",DB2/UDB,7.1,N,N,N,
LOGDT051,"URIType","URITYPE",Oracle Database,21c,N,N,N,
LOGDT051,"URIType","URITYPE",Oracle Database,12cR2,N,N,N,
LOGDT051,"URIType","URITYPE",Oracle Database,12c,N,N,N,
LOGDT051,"URIType","URITYPE",Oracle Database,11g,N,N,N,
LOGDT051,"URIType","URITYPE",Oracle Database,10g,N,N,N,
LOGDT051,"URIType","URITYPE",Oracle,9i,N,N,N,
LOGDT051,"URIType","CHAR",SQL Server,2012,N,N,N,
LOGDT051,"URIType","CHAR",SQL Server,2008,N,N,N,
LOGDT051,"URIType","CHAR",SQL Server,2005,N,N,N,
LOGDT051,"URIType","CHAR",SQL Server,2000,N,N,N,
LOGDT051,"URIType","CHAR",DB2/390,8,N,N,N,
LOGDT051,"URIType","CHAR",DB2/390,7,N,N,N,
LOGDT051,"URIType","CHAR",DB2/UDB,9,N,N,N,
LOGDT051,"URIType","CHAR",DB2/UDB,8.1,N,N,N,
LOGDT051,"URIType","CHAR",DB2/UDB,7.1,N,N,N,
LogDes-4BABEC65-108B-2A3C-F7C4-84AC47D292B0@LOGDT10041,"URowID","UROWID",Oracle Database,21c,N,N,N,
LogDes-4BABEC65-108B-2A3C-F7C4-84AC47D292B0@LOGDT10041,"URowID","UROWID",Oracle Database,12cR2,N,N,N,
LogDes-4BABEC65-108B-2A3C-F7C4-84AC47D292B0@LOGDT10041,"URowID","UROWID",Oracle Database,12c,N,N,N,
LogDes-4BABEC65-108B-2A3C-F7C4-84AC47D292B0@LOGDT10041,"URowID","UROWID",Oracle Database,11g,N,N,N,
LogDes-4BABEC65-108B-2A3C-F7C4-84AC47D292B0@LOGDT10041,"URowID","UROWID",Oracle Database,10g,N,N,N,
LogDes-4BABEC65-108B-2A3C-F7C4-84AC47D292B0@LOGDT10041,"URowID","UROWID",Oracle,9i,N,N,N,
LogDes-4BABEC65-108B-2A3C-F7C4-84AC47D292B0@LOGDT10041,"URowID","VARCHAR",SQL Server,2012,N,N,N,
LogDes-4BABEC65-108B-2A3C-F7C4-84AC47D292B0@LOGDT10041,"URowID","VARCHAR",SQL Server,2008,N,N,N,
LogDes-4BABEC65-108B-2A3C-F7C4-84AC47D292B0@LOGDT10041,"URowID","VARCHAR",SQL Server,2005,N,N,N,
LogDes-4BABEC65-108B-2A3C-F7C4-84AC47D292B0@LOGDT10041,"URowID","VARCHAR",SQL Server,2000,N,N,N,
LogDes-4BABEC65-108B-2A3C-F7C4-84AC47D292B0@LOGDT10041,"URowID","VARCHAR",DB2/390,8,N,N,N,
LogDes-4BABEC65-108B-2A3C-F7C4-84AC47D292B0@LOGDT10041,"URowID","VARCHAR",DB2/390,7,N,N,N,
LogDes-4BABEC65-108B-2A3C-F7C4-84AC47D292B0@LOGDT10041,"URowID","VARCHAR",DB2/UDB,9,N,N,N,
LogDes-4BABEC65-108B-2A3C-F7C4-84AC47D292B0@LOGDT10041,"URowID","VARCHAR",DB2/UDB,8.1,N,N,N,
LogDes-4BABEC65-108B-2A3C-F7C4-84AC47D292B0@LOGDT10041,"URowID","VARCHAR",DB2/UDB,7.1,N,N,N,
LOGDT041,"VARBINARY","BLOB",Oracle Database,21c,N,N,N,
LOGDT041,"VARBINARY","BLOB",Oracle Database,12cR2,N,N,N,
LOGDT041,"VARBINARY","BLOB",Oracle Database,12c,N,N,N,
LOGDT041,"VARBINARY","BLOB",Oracle Database,11g,N,N,N,
LOGDT041,"VARBINARY","BLOB",Oracle Database,10g,N,N,N,
LOGDT041,"VARBINARY","BLOB",Oracle,9i,N,N,N,
LOGDT041,"VARBINARY","VARBINARY",SQL Server,2012,N,N,N,
LOGDT041,"VARBINARY","VARBINARY",SQL Server,2008,N,N,N,
LOGDT041,"VARBINARY","VARBINARY",SQL Server,2005,N,N,N,
LOGDT041,"VARBINARY","VARBINARY",SQL Server,2000,N,N,N,
LOGDT041,"VARBINARY","BLOB",DB2/390,8,N,N,N,
LOGDT041,"VARBINARY","BLOB",DB2/390,7,N,N,N,
LOGDT041,"VARBINARY","BLOB",DB2/UDB,9,N,N,N,
LOGDT041,"VARBINARY","BLOB",DB2/UDB,8.1,N,N,N,
LOGDT041,"VARBINARY","BLOB",DB2/UDB,7.1,N,N,N,
LOGDT024,"VARCHAR","VARCHAR2",Oracle Database,21c,N,N,N,
LOGDT024,"VARCHAR","VARCHAR2",Oracle Database,12cR2,N,N,N,
LOGDT024,"VARCHAR","VARCHAR2",Oracle Database,12c,N,N,N,
LOGDT024,"VARCHAR","VARCHAR2",Oracle Database,11g,N,N,N,
LOGDT024,"VARCHAR","VARCHAR2",Oracle Database,10g,N,N,N,
LOGDT024,"VARCHAR","VARCHAR2",Oracle,9i,N,N,N,
LOGDT024,"VARCHAR","VARCHAR",SQL Server,2012,N,N,N,
LOGDT024,"VARCHAR","VARCHAR",SQL Server,2008,N,N,N,
LOGDT024,"VARCHAR","VARCHAR",SQL Server,2005,N,N,N,
LOGDT024,"VARCHAR","VARCHAR",SQL Server,2000,N,N,N,
LOGDT024,"VARCHAR","VARCHAR",DB2/390,8,N,N,N,
LOGDT024,"VARCHAR","VARCHAR",DB2/390,7,N,N,N,
LOGDT024,"VARCHAR","VARCHAR",DB2/UDB,9,N,N,N,
LOGDT024,"VARCHAR","VARCHAR",DB2/UDB,8.1,N,N,N,
LOGDT024,"VARCHAR","VARCHAR",DB2/UDB,7.1,N,N,N,
LOGDT023,"VARGRAPHIC","BLOB",Oracle Database,21c,N,N,N,
LOGDT023,"VARGRAPHIC","BLOB",Oracle Database,12cR2,N,N,N,
LOGDT023,"VARGRAPHIC","BLOB",Oracle Database,12c,N,N,N,
LOGDT023,"VARGRAPHIC","BLOB",Oracle Database,11g,N,N,N,
LOGDT023,"VARGRAPHIC","BLOB",Oracle Database,10g,N,N,N,
LOGDT023,"VARGRAPHIC","BLOB",Oracle,9i,N,N,N,
LOGDT023,"VARGRAPHIC","VARBINARY",SQL Server,2012,N,N,N,
LOGDT023,"VARGRAPHIC","VARBINARY",SQL Server,2008,N,N,N,
LOGDT023,"VARGRAPHIC","VARBINARY",SQL Server,2005,N,N,N,
LOGDT023,"VARGRAPHIC","VARBINARY",SQL Server,2000,N,N,N,
LOGDT023,"VARGRAPHIC","VARGRAPHIC",DB2/390,8,N,N,N,
LOGDT023,"VARGRAPHIC","VARGRAPHIC",DB2/390,7,N,N,N,
LOGDT023,"VARGRAPHIC","VARGRAPHIC",DB2/UDB,9,N,N,N,
LOGDT023,"VARGRAPHIC","VARGRAPHIC",DB2/UDB,8.1,N,N,N,
LOGDT023,"VARGRAPHIC","VARGRAPHIC",DB2/UDB,7.1,N,N,N,
LOGDT016,"Video","BLOB",Oracle Database,21c,N,N,N,
LOGDT016,"Video","BLOB",Oracle Database,12cR2,N,N,N,
LOGDT016,"Video","BLOB",Oracle Database,12c,N,N,N,
LOGDT016,"Video","BLOB",Oracle Database,11g,N,N,N,
LOGDT016,"Video","BLOB",Oracle Database,10g,N,N,N,
LOGDT016,"Video","BLOB",Oracle,9i,N,N,N,
LOGDT016,"Video","IMAGE",SQL Server,2012,N,N,N,
LOGDT016,"Video","IMAGE",SQL Server,2008,N,N,N,
LOGDT016,"Video","IMAGE",SQL Server,2005,N,N,N,
LOGDT016,"Video","IMAGE",SQL Server,2000,N,N,N,
LOGDT016,"Video","VARGRAPHIC",DB2/390,8,N,N,N,
LOGDT016,"Video","VARGRAPHIC",DB2/390,7,N,N,N,
LOGDT016,"Video","BLOB",DB2/UDB,9,N,N,N,
LOGDT016,"Video","BLOB",DB2/UDB,8.1,N,N,N,
LOGDT016,"Video","BLOB",DB2/UDB,7.1,N,N,N,
LOGDT053,"XDBURIType","XDBURITYPE",Oracle Database,21c,N,N,N,
LOGDT053,"XDBURIType","XDBURITYPE",Oracle Database,12cR2,N,N,N,
LOGDT053,"XDBURIType","XDBURITYPE",Oracle Database,12c,N,N,N,
LOGDT053,"XDBURIType","XDBURITYPE",Oracle Database,11g,N,N,N,
LOGDT053,"XDBURIType","XDBURITYPE",Oracle Database,10g,N,N,N,
LOGDT053,"XDBURIType","XDBURITYPE",Oracle,9i,N,N,N,
LOGDT053,"XDBURIType","CHAR",SQL Server,2012,N,N,N,
LOGDT053,"XDBURIType","CHAR",SQL Server,2008,N,N,N,
LOGDT053,"XDBURIType","CHAR",SQL Server,2005,N,N,N,
LOGDT053,"XDBURIType","CHAR",SQL Server,2000,N,N,N,
LOGDT053,"XDBURIType","CHAR",DB2/390,8,N,N,N,
LOGDT053,"XDBURIType","CHAR",DB2/390,7,N,N,N,
LOGDT053,"XDBURIType","CHAR",DB2/UDB,9,N,N,N,
LOGDT053,"XDBURIType","CHAR",DB2/UDB,8.1,N,N,N,
LOGDT053,"XDBURIType","CHAR",DB2/UDB,7.1,N,N,N,
LOGDT050,"XMLType","XMLTYPE",Oracle Database,21c,N,N,N,
LOGDT050,"XMLType","XMLTYPE",Oracle Database,12cR2,N,N,N,
LOGDT050,"XMLType","XMLTYPE",Oracle Database,12c,N,N,N,
LOGDT050,"XMLType","XMLTYPE",Oracle Database,11g,N,N,N,
LOGDT050,"XMLType","XMLTYPE",Oracle Database,10g,N,N,N,
LOGDT050,"XMLType","XMLTYPE",Oracle,9i,N,N,N,
LOGDT050,"XMLType","XML",SQL Server,2012,N,N,N,
LOGDT050,"XMLType","XML",SQL Server,2008,N,N,N,
LOGDT050,"XMLType","XML",SQL Server,2005,N,N,N,
LOGDT050,"XMLType","TEXT",SQL Server,2000,N,N,N,
LOGDT050,"XMLType","CLOB",DB2/390,8,N,N,N,
LOGDT050,"XMLType","CLOB",DB2/390,7,N,N,N,
LOGDT050,"XMLType","XML",DB2/UDB,9,N,N,N,
LOGDT050,"XMLType","XML",DB2/UDB,8.1,N,N,N,
LOGDT050,"XMLType","CLOB",DB2/UDB,7.1,N,N,N,
A3A3C77D-0366-9768-FF89-1C25E56881C8,"String","VARCHAR2",Oracle Database,21c,N,N,N,
A3A3C77D-0366-9768-FF89-1C25E56881C8,"String","VARCHAR2",Oracle Database,12cR2,N,N,N,
A3A3C77D-0366-9768-FF89-1C25E56881C8,"String","VARCHAR2",Oracle Database,12c,N,N,N,
A3A3C77D-0366-9768-FF89-1C25E56881C8,"String","VARCHAR2",Oracle Database,11g,N,N,N,
A3A3C77D-0366-9768-FF89-1C25E56881C8,"String","VARCHAR2",Oracle Database,10g,N,N,N,
A3A3C77D-0366-9768-FF89-1C25E56881C8,"String","VARCHAR2",Oracle,9i,N,N,N,
A3A3C77D-0366-9768-FF89-1C25E56881C8,"String","VARCHAR",SQL Server,2012,N,N,N,
A3A3C77D-0366-9768-FF89-1C25E56881C8,"String","VARCHAR",SQL Server,2008,N,N,N,
A3A3C77D-0366-9768-FF89-1C25E56881C8,"String","VARCHAR",SQL Server,2005,N,N,N,
A3A3C77D-0366-9768-FF89-1C25E56881C8,"String","VARCHAR",SQL Server,2000,N,N,N,
A3A3C77D-0366-9768-FF89-1C25E56881C8,"String","VARCHAR",DB2/390,8,N,N,N,
A3A3C77D-0366-9768-FF89-1C25E56881C8,"String","VARCHAR",DB2/390,7,N,N,N,
A3A3C77D-0366-9768-FF89-1C25E56881C8,"String","VARCHAR",DB2/UDB,9,N,N,N,
A3A3C77D-0366-9768-FF89-1C25E56881C8,"String","VARCHAR",DB2/UDB,8.1,N,N,N,
A3A3C77D-0366-9768-FF89-1C25E56881C8,"String","VARCHAR",DB2/UDB,7.1,N,N,N,
47823B89-BECE-2D4A-B641-EE3BE6149078,"JSON","JSON",Oracle Database,21c,N,N,N,
47823B89-BECE-2D4A-B641-EE3BE6149078,"JSON","CLOB",Oracle Database,12cR2,N,N,N,
47823B89-BECE-2D4A-B641-EE3BE6149078,"JSON","CLOB",Oracle Database,12c,N,N,N,
47823B89-BECE-2D4A-B641-EE3BE6149078,"JSON","CLOB",Oracle Database,11g,N,N,N,
47823B89-BECE-2D4A-B641-EE3BE6149078,"JSON","CLOB",Oracle Database,10g,N,N,N,
47823B89-BECE-2D4A-B641-EE3BE6149078,"JSON","CLOB",Oracle,9i,N,N,N,
47823B89-BECE-2D4A-B641-EE3BE6149078,"JSON","VARCHAR",SQL Server,2012,Y,N,N,
47823B89-BECE-2D4A-B641-EE3BE6149078,"JSON","VARCHAR",SQL Server,2008,Y,N,N,
47823B89-BECE-2D4A-B641-EE3BE6149078,"JSON","VARCHAR",SQL Server,2005,Y,N,N,
47823B89-BECE-2D4A-B641-EE3BE6149078,"JSON","VARCHAR",SQL Server,2000,Y,N,N,
47823B89-BECE-2D4A-B641-EE3BE6149078,"JSON","CLOB",DB2/390,8,Y,N,N,
47823B89-BECE-2D4A-B641-EE3BE6149078,"JSON","CLOB",DB2/390,7,Y,N,N,
47823B89-BECE-2D4A-B641-EE3BE6149078,"JSON","CLOB",DB2/UDB,9,Y,N,N,
47823B89-BECE-2D4A-B641-EE3BE6149078,"JSON","CLOB",DB2/UDB,8.1,Y,N,N,
47823B89-BECE-2D4A-B641-EE3BE6149078,"JSON","CLOB",DB2/UDB,7.1,Y,N,N,
