In_Scope,New
F_01_01,
F_04_01,
F_04_02_1,
F_04_02_2,
F_04_03_1,
F_04_04_1,
F_04_05,
F_04_06,
F_04_07,
F_04_08,
F_04_09,
F_04_10,
F_07_01,
F_07_02,
F_20_01,
F_20_02,
F_20_03,
F_20_04,
F_21_00,
F_42_00,
F_05_01,
F_06_01,
F_20_07_1,
F_15_00_a,
F_15_00_b,
F_01_02,
F_08_01_a,
F_08_01_b,
F_08_02,
F_20_06,
F_09_01_1,
F_09_01,
F_09_02,
F_20_05_a,
F_20_05_b,
F_10_00,
F_11_01,
F_11_02,
F_11_03_1,
F_11_03,
F_11_04,
F_13_01,
F_13_02,
F_13_03,
F_14_00,
F_18_00_a,
F_18_00_b,
F_18_00_c,
F_19_00_a,
F_19_00_b,
F_19_00_c,
F_19_00_d,
F_31_01,
F_41_01,
F_41_02,
F_40_01,
F_40_02,
F_18_01,
F_18_02,
F_26_00,
F_23_01,
F_23_02,New
F_23_03,New
F_23_04,New
F_23_05,New
F_23_06,New
F_24_01,New
F_24_02,New
F_24_03,New
F_25_01_a,New
F_25_01_b,New
F_25_01_c,New
F_25_01_d,New
F_25_02_a,New
F_25_02_b,New
F_25_02_c,New
F_25_03_a,New
F_47_00,New
